split,class,source,path
train,bare_pcb,deeppcb,/home/vector/Documents/abdullah_workspace/PCB_Defect_Dectection/pcb_vs_pcba_dataset/train/bare_pcb/deeppcb_90100005_temp_0.jpg
train,bare_pcb,deeppcb,/home/vector/Documents/abdullah_workspace/PCB_Defect_Dectection/pcb_vs_pcba_dataset/train/bare_pcb/deeppcb_92000033_test_1.jpg
train,bare_pcb,pku,/home/vector/Documents/abdullah_workspace/PCB_Defect_Dectection/pcb_vs_pcba_dataset/train/bare_pcb/pku_07_open_circuit_03_2.jpg
train,bare_pcb,deeppcb,/home/vector/Documents/abdullah_workspace/PCB_Defect_Dectection/pcb_vs_pcba_dataset/train/bare_pcb/deeppcb_50600028_temp_3.jpg
train,bare_pcb,deeppcb,/home/vector/Documents/abdullah_workspace/PCB_Defect_Dectection/pcb_vs_pcba_dataset/train/bare_pcb/deeppcb_20085155_test_4.jpg
train,bare_pcb,pku,/home/vector/Documents/abdullah_workspace/PCB_Defect_Dectection/pcb_vs_pcba_dataset/train/bare_pcb/pku_11_short_08_5.jpg
train,bare_pcb,deeppcb,/home/vector/Documents/abdullah_workspace/PCB_Defect_Dectection/pcb_vs_pcba_dataset/train/bare_pcb/deeppcb_12300120_test_6.jpg
train,bare_pcb,deeppcb,/home/vector/Documents/abdullah_workspace/PCB_Defect_Dectection/pcb_vs_pcba_dataset/train/bare_pcb/deeppcb_20085312_test_7.jpg
train,bare_pcb,deeppcb,/home/vector/Documents/abdullah_workspace/PCB_Defect_Dectection/pcb_vs_pcba_dataset/train/bare_pcb/deeppcb_12100029_test_8.jpg
train,bare_pcb,deeppcb,/home/vector/Documents/abdullah_workspace/PCB_Defect_Dectection/pcb_vs_pcba_dataset/train/bare_pcb/deeppcb_92000008_test_9.jpg
train,bare_pcb,deeppcb,/home/vector/Documents/abdullah_workspace/PCB_Defect_Dectection/pcb_vs_pcba_dataset/train/bare_pcb/deeppcb_44000041_test_10.jpg
train,bare_pcb,deeppcb,/home/vector/Documents/abdullah_workspace/PCB_Defect_Dectection/pcb_vs_pcba_dataset/train/bare_pcb/deeppcb_00041192_test_11.jpg
train,bare_pcb,deeppcb,/home/vector/Documents/abdullah_workspace/PCB_Defect_Dectection/pcb_vs_pcba_dataset/train/bare_pcb/deeppcb_50600003_test_12.jpg
train,bare_pcb,deeppcb,/home/vector/Documents/abdullah_workspace/PCB_Defect_Dectection/pcb_vs_pcba_dataset/train/bare_pcb/deeppcb_13000175_temp_13.jpg
train,bare_pcb,deeppcb,/home/vector/Documents/abdullah_workspace/PCB_Defect_Dectection/pcb_vs_pcba_dataset/train/bare_pcb/deeppcb_00041216_test_14.jpg
train,bare_pcb,deeppcb,/home/vector/Documents/abdullah_workspace/PCB_Defect_Dectection/pcb_vs_pcba_dataset/train/bare_pcb/deeppcb_12100064_test_15.jpg
train,bare_pcb,deeppcb,/home/vector/Documents/abdullah_workspace/PCB_Defect_Dectection/pcb_vs_pcba_dataset/train/bare_pcb/deeppcb_12300137_test_16.jpg
train,bare_pcb,deeppcb,/home/vector/Documents/abdullah_workspace/PCB_Defect_Dectection/pcb_vs_pcba_dataset/train/bare_pcb/deeppcb_12300245_temp_17.jpg
train,bare_pcb,deeppcb,/home/vector/Documents/abdullah_workspace/PCB_Defect_Dectection/pcb_vs_pcba_dataset/train/bare_pcb/deeppcb_20085194_test_18.jpg
train,bare_pcb,deeppcb,/home/vector/Documents/abdullah_workspace/PCB_Defect_Dectection/pcb_vs_pcba_dataset/train/bare_pcb/deeppcb_13000209_temp_19.jpg
train,bare_pcb,pku,/home/vector/Documents/abdullah_workspace/PCB_Defect_Dectection/pcb_vs_pcba_dataset/train/bare_pcb/pku_08_spurious_copper_09_20.jpg
train,bare_pcb,pku,/home/vector/Documents/abdullah_workspace/PCB_Defect_Dectection/pcb_vs_pcba_dataset/train/bare_pcb/pku_04_short_14_21.jpg
train,bare_pcb,deeppcb,/home/vector/Documents/abdullah_workspace/PCB_Defect_Dectection/pcb_vs_pcba_dataset/train/bare_pcb/deeppcb_00041195_temp_22.jpg
train,bare_pcb,deeppcb,/home/vector/Documents/abdullah_workspace/PCB_Defect_Dectection/pcb_vs_pcba_dataset/train/bare_pcb/deeppcb_13000115_temp_23.jpg
train,bare_pcb,deeppcb,/home/vector/Documents/abdullah_workspace/PCB_Defect_Dectection/pcb_vs_pcba_dataset/train/bare_pcb/deeppcb_00041140_test_24.jpg
train,bare_pcb,deeppcb,/home/vector/Documents/abdullah_workspace/PCB_Defect_Dectection/pcb_vs_pcba_dataset/train/bare_pcb/deeppcb_12100048_temp_25.jpg
train,bare_pcb,pku,/home/vector/Documents/abdullah_workspace/PCB_Defect_Dectection/pcb_vs_pcba_dataset/train/bare_pcb/pku_07_short_07_26.jpg
train,bare_pcb,deeppcb,/home/vector/Documents/abdullah_workspace/PCB_Defect_Dectection/pcb_vs_pcba_dataset/train/bare_pcb/deeppcb_77000012_temp_27.jpg
train,bare_pcb,pku,/home/vector/Documents/abdullah_workspace/PCB_Defect_Dectection/pcb_vs_pcba_dataset/train/bare_pcb/pku_01_mouse_bite_08_28.jpg
train,bare_pcb,pku,/home/vector/Documents/abdullah_workspace/PCB_Defect_Dectection/pcb_vs_pcba_dataset/train/bare_pcb/pku_09_missing_hole_07_29.jpg
train,bare_pcb,pku,/home/vector/Documents/abdullah_workspace/PCB_Defect_Dectection/pcb_vs_pcba_dataset/train/bare_pcb/pku_12_missing_hole_04_30.jpg
train,bare_pcb,deeppcb,/home/vector/Documents/abdullah_workspace/PCB_Defect_Dectection/pcb_vs_pcba_dataset/train/bare_pcb/deeppcb_77000103_temp_31.jpg
train,bare_pcb,deeppcb,/home/vector/Documents/abdullah_workspace/PCB_Defect_Dectection/pcb_vs_pcba_dataset/train/bare_pcb/deeppcb_00041146_test_32.jpg
train,bare_pcb,deeppcb,/home/vector/Documents/abdullah_workspace/PCB_Defect_Dectection/pcb_vs_pcba_dataset/train/bare_pcb/deeppcb_20085225_temp_33.jpg
train,bare_pcb,deeppcb,/home/vector/Documents/abdullah_workspace/PCB_Defect_Dectection/pcb_vs_pcba_dataset/train/bare_pcb/deeppcb_20085044_test_34.jpg
train,bare_pcb,deeppcb,/home/vector/Documents/abdullah_workspace/PCB_Defect_Dectection/pcb_vs_pcba_dataset/train/bare_pcb/deeppcb_50600007_temp_35.jpg
train,bare_pcb,deeppcb,/home/vector/Documents/abdullah_workspace/PCB_Defect_Dectection/pcb_vs_pcba_dataset/train/bare_pcb/deeppcb_92000115_temp_36.jpg
train,bare_pcb,deeppcb,/home/vector/Documents/abdullah_workspace/PCB_Defect_Dectection/pcb_vs_pcba_dataset/train/bare_pcb/deeppcb_12100018_test_37.jpg
train,bare_pcb,deeppcb,/home/vector/Documents/abdullah_workspace/PCB_Defect_Dectection/pcb_vs_pcba_dataset/train/bare_pcb/deeppcb_13000071_test_38.jpg
train,bare_pcb,deeppcb,/home/vector/Documents/abdullah_workspace/PCB_Defect_Dectection/pcb_vs_pcba_dataset/train/bare_pcb/deeppcb_12100162_test_39.jpg
train,bare_pcb,deeppcb,/home/vector/Documents/abdullah_workspace/PCB_Defect_Dectection/pcb_vs_pcba_dataset/train/bare_pcb/deeppcb_12300109_test_40.jpg
train,bare_pcb,deeppcb,/home/vector/Documents/abdullah_workspace/PCB_Defect_Dectection/pcb_vs_pcba_dataset/train/bare_pcb/deeppcb_20085002_temp_41.jpg
train,bare_pcb,pku,/home/vector/Documents/abdullah_workspace/PCB_Defect_Dectection/pcb_vs_pcba_dataset/train/bare_pcb/pku_01_spur_08_42.jpg
train,bare_pcb,deeppcb,/home/vector/Documents/abdullah_workspace/PCB_Defect_Dectection/pcb_vs_pcba_dataset/train/bare_pcb/deeppcb_00041113_test_43.jpg
train,bare_pcb,pku,/home/vector/Documents/abdullah_workspace/PCB_Defect_Dectection/pcb_vs_pcba_dataset/train/bare_pcb/pku_01_mouse_bite_16_44.jpg
train,bare_pcb,pku,/home/vector/Documents/abdullah_workspace/PCB_Defect_Dectection/pcb_vs_pcba_dataset/train/bare_pcb/pku_08_spurious_copper_07_45.jpg
train,bare_pcb,deeppcb,/home/vector/Documents/abdullah_workspace/PCB_Defect_Dectection/pcb_vs_pcba_dataset/train/bare_pcb/deeppcb_13000094_temp_46.jpg
train,bare_pcb,deeppcb,/home/vector/Documents/abdullah_workspace/PCB_Defect_Dectection/pcb_vs_pcba_dataset/train/bare_pcb/deeppcb_00041195_test_47.jpg
train,bare_pcb,deeppcb,/home/vector/Documents/abdullah_workspace/PCB_Defect_Dectection/pcb_vs_pcba_dataset/train/bare_pcb/deeppcb_50600050_temp_48.jpg
train,bare_pcb,deeppcb,/home/vector/Documents/abdullah_workspace/PCB_Defect_Dectection/pcb_vs_pcba_dataset/train/bare_pcb/deeppcb_12000038_test_49.jpg
train,bare_pcb,deeppcb,/home/vector/Documents/abdullah_workspace/PCB_Defect_Dectection/pcb_vs_pcba_dataset/train/bare_pcb/deeppcb_90100082_test_50.jpg
train,bare_pcb,deeppcb,/home/vector/Documents/abdullah_workspace/PCB_Defect_Dectection/pcb_vs_pcba_dataset/train/bare_pcb/deeppcb_13000147_test_51.jpg
train,bare_pcb,deeppcb,/home/vector/Documents/abdullah_workspace/PCB_Defect_Dectection/pcb_vs_pcba_dataset/train/bare_pcb/deeppcb_44000082_test_52.jpg
train,bare_pcb,pku,/home/vector/Documents/abdullah_workspace/PCB_Defect_Dectection/pcb_vs_pcba_dataset/train/bare_pcb/pku_05_spurious_copper_10_53.jpg
train,bare_pcb,pku,/home/vector/Documents/abdullah_workspace/PCB_Defect_Dectection/pcb_vs_pcba_dataset/train/bare_pcb/pku_09_spurious_copper_05_54.jpg
train,bare_pcb,deeppcb,/home/vector/Documents/abdullah_workspace/PCB_Defect_Dectection/pcb_vs_pcba_dataset/train/bare_pcb/deeppcb_13000099_temp_55.jpg
train,bare_pcb,pku,/home/vector/Documents/abdullah_workspace/PCB_Defect_Dectection/pcb_vs_pcba_dataset/train/bare_pcb/pku_09_spurious_copper_10_56.jpg
train,bare_pcb,deeppcb,/home/vector/Documents/abdullah_workspace/PCB_Defect_Dectection/pcb_vs_pcba_dataset/train/bare_pcb/deeppcb_20085063_temp_57.jpg
train,bare_pcb,pku,/home/vector/Documents/abdullah_workspace/PCB_Defect_Dectection/pcb_vs_pcba_dataset/train/bare_pcb/pku_06_open_circuit_05_58.jpg
train,bare_pcb,pku,/home/vector/Documents/abdullah_workspace/PCB_Defect_Dectection/pcb_vs_pcba_dataset/train/bare_pcb/pku_04_open_circuit_11_59.jpg
train,bare_pcb,deeppcb,/home/vector/Documents/abdullah_workspace/PCB_Defect_Dectection/pcb_vs_pcba_dataset/train/bare_pcb/deeppcb_00041060_test_60.jpg
train,bare_pcb,deeppcb,/home/vector/Documents/abdullah_workspace/PCB_Defect_Dectection/pcb_vs_pcba_dataset/train/bare_pcb/deeppcb_20085089_temp_61.jpg
train,bare_pcb,deeppcb,/home/vector/Documents/abdullah_workspace/PCB_Defect_Dectection/pcb_vs_pcba_dataset/train/bare_pcb/deeppcb_50600014_test_62.jpg
train,bare_pcb,pku,/home/vector/Documents/abdullah_workspace/PCB_Defect_Dectection/pcb_vs_pcba_dataset/train/bare_pcb/pku_04_missing_hole_10_63.jpg
train,bare_pcb,pku,/home/vector/Documents/abdullah_workspace/PCB_Defect_Dectection/pcb_vs_pcba_dataset/train/bare_pcb/pku_05_spur_10_64.jpg
train,bare_pcb,deeppcb,/home/vector/Documents/abdullah_workspace/PCB_Defect_Dectection/pcb_vs_pcba_dataset/train/bare_pcb/deeppcb_13000121_temp_65.jpg
train,bare_pcb,deeppcb,/home/vector/Documents/abdullah_workspace/PCB_Defect_Dectection/pcb_vs_pcba_dataset/train/bare_pcb/deeppcb_90100064_temp_66.jpg
train,bare_pcb,deeppcb,/home/vector/Documents/abdullah_workspace/PCB_Defect_Dectection/pcb_vs_pcba_dataset/train/bare_pcb/deeppcb_00041085_test_67.jpg
train,bare_pcb,pku,/home/vector/Documents/abdullah_workspace/PCB_Defect_Dectection/pcb_vs_pcba_dataset/train/bare_pcb/pku_12_short_07_68.jpg
train,bare_pcb,pku,/home/vector/Documents/abdullah_workspace/PCB_Defect_Dectection/pcb_vs_pcba_dataset/train/bare_pcb/pku_04_short_07_69.jpg
train,bare_pcb,deeppcb,/home/vector/Documents/abdullah_workspace/PCB_Defect_Dectection/pcb_vs_pcba_dataset/train/bare_pcb/deeppcb_12300151_test_70.jpg
train,bare_pcb,deeppcb,/home/vector/Documents/abdullah_workspace/PCB_Defect_Dectection/pcb_vs_pcba_dataset/train/bare_pcb/deeppcb_20085058_temp_71.jpg
train,bare_pcb,deeppcb,/home/vector/Documents/abdullah_workspace/PCB_Defect_Dectection/pcb_vs_pcba_dataset/train/bare_pcb/deeppcb_77000037_test_72.jpg
train,bare_pcb,deeppcb,/home/vector/Documents/abdullah_workspace/PCB_Defect_Dectection/pcb_vs_pcba_dataset/train/bare_pcb/deeppcb_00041168_temp_73.jpg
train,bare_pcb,pku,/home/vector/Documents/abdullah_workspace/PCB_Defect_Dectection/pcb_vs_pcba_dataset/train/bare_pcb/pku_08_short_03_74.jpg
train,bare_pcb,deeppcb,/home/vector/Documents/abdullah_workspace/PCB_Defect_Dectection/pcb_vs_pcba_dataset/train/bare_pcb/deeppcb_20085062_temp_75.jpg
train,bare_pcb,pku,/home/vector/Documents/abdullah_workspace/PCB_Defect_Dectection/pcb_vs_pcba_dataset/train/bare_pcb/pku_08_short_02_76.jpg
train,bare_pcb,deeppcb,/home/vector/Documents/abdullah_workspace/PCB_Defect_Dectection/pcb_vs_pcba_dataset/train/bare_pcb/deeppcb_77000018_temp_77.jpg
train,bare_pcb,pku,/home/vector/Documents/abdullah_workspace/PCB_Defect_Dectection/pcb_vs_pcba_dataset/train/bare_pcb/pku_09_short_09_78.jpg
train,bare_pcb,pku,/home/vector/Documents/abdullah_workspace/PCB_Defect_Dectection/pcb_vs_pcba_dataset/train/bare_pcb/pku_11_spurious_copper_04_79.jpg
train,bare_pcb,deeppcb,/home/vector/Documents/abdullah_workspace/PCB_Defect_Dectection/pcb_vs_pcba_dataset/train/bare_pcb/deeppcb_00041003_test_80.jpg
train,bare_pcb,deeppcb,/home/vector/Documents/abdullah_workspace/PCB_Defect_Dectection/pcb_vs_pcba_dataset/train/bare_pcb/deeppcb_12300073_temp_81.jpg
train,bare_pcb,deeppcb,/home/vector/Documents/abdullah_workspace/PCB_Defect_Dectection/pcb_vs_pcba_dataset/train/bare_pcb/deeppcb_20085075_temp_82.jpg
train,bare_pcb,deeppcb,/home/vector/Documents/abdullah_workspace/PCB_Defect_Dectection/pcb_vs_pcba_dataset/train/bare_pcb/deeppcb_12100137_temp_83.jpg
train,bare_pcb,deeppcb,/home/vector/Documents/abdullah_workspace/PCB_Defect_Dectection/pcb_vs_pcba_dataset/train/bare_pcb/deeppcb_77000016_temp_84.jpg
train,bare_pcb,pku,/home/vector/Documents/abdullah_workspace/PCB_Defect_Dectection/pcb_vs_pcba_dataset/train/bare_pcb/pku_05_open_circuit_02_85.jpg
train,bare_pcb,deeppcb,/home/vector/Documents/abdullah_workspace/PCB_Defect_Dectection/pcb_vs_pcba_dataset/train/bare_pcb/deeppcb_92000047_test_86.jpg
train,bare_pcb,deeppcb,/home/vector/Documents/abdullah_workspace/PCB_Defect_Dectection/pcb_vs_pcba_dataset/train/bare_pcb/deeppcb_44000090_temp_87.jpg
train,bare_pcb,deeppcb,/home/vector/Documents/abdullah_workspace/PCB_Defect_Dectection/pcb_vs_pcba_dataset/train/bare_pcb/deeppcb_13000169_test_88.jpg
train,bare_pcb,deeppcb,/home/vector/Documents/abdullah_workspace/PCB_Defect_Dectection/pcb_vs_pcba_dataset/train/bare_pcb/deeppcb_20085163_temp_89.jpg
train,bare_pcb,deeppcb,/home/vector/Documents/abdullah_workspace/PCB_Defect_Dectection/pcb_vs_pcba_dataset/train/bare_pcb/deeppcb_90100058_temp_90.jpg
train,bare_pcb,deeppcb,/home/vector/Documents/abdullah_workspace/PCB_Defect_Dectection/pcb_vs_pcba_dataset/train/bare_pcb/deeppcb_92000080_temp_91.jpg
train,bare_pcb,deeppcb,/home/vector/Documents/abdullah_workspace/PCB_Defect_Dectection/pcb_vs_pcba_dataset/train/bare_pcb/deeppcb_92000085_temp_92.jpg
train,bare_pcb,deeppcb,/home/vector/Documents/abdullah_workspace/PCB_Defect_Dectection/pcb_vs_pcba_dataset/train/bare_pcb/deeppcb_20085039_temp_93.jpg
train,bare_pcb,deeppcb,/home/vector/Documents/abdullah_workspace/PCB_Defect_Dectection/pcb_vs_pcba_dataset/train/bare_pcb/deeppcb_92000086_temp_94.jpg
train,bare_pcb,pku,/home/vector/Documents/abdullah_workspace/PCB_Defect_Dectection/pcb_vs_pcba_dataset/train/bare_pcb/pku_01_short_11_95.jpg
train,bare_pcb,deeppcb,/home/vector/Documents/abdullah_workspace/PCB_Defect_Dectection/pcb_vs_pcba_dataset/train/bare_pcb/deeppcb_12300075_test_96.jpg
train,bare_pcb,deeppcb,/home/vector/Documents/abdullah_workspace/PCB_Defect_Dectection/pcb_vs_pcba_dataset/train/bare_pcb/deeppcb_13000199_test_97.jpg
train,bare_pcb,deeppcb,/home/vector/Documents/abdullah_workspace/PCB_Defect_Dectection/pcb_vs_pcba_dataset/train/bare_pcb/deeppcb_92000035_test_98.jpg
train,bare_pcb,deeppcb,/home/vector/Documents/abdullah_workspace/PCB_Defect_Dectection/pcb_vs_pcba_dataset/train/bare_pcb/deeppcb_20085074_test_99.jpg
train,bare_pcb,deeppcb,/home/vector/Documents/abdullah_workspace/PCB_Defect_Dectection/pcb_vs_pcba_dataset/train/bare_pcb/deeppcb_50600012_temp_100.jpg
train,bare_pcb,pku,/home/vector/Documents/abdullah_workspace/PCB_Defect_Dectection/pcb_vs_pcba_dataset/train/bare_pcb/pku_08_mouse_bite_03_101.jpg
train,bare_pcb,deeppcb,/home/vector/Documents/abdullah_workspace/PCB_Defect_Dectection/pcb_vs_pcba_dataset/train/bare_pcb/deeppcb_44000047_test_102.jpg
train,bare_pcb,deeppcb,/home/vector/Documents/abdullah_workspace/PCB_Defect_Dectection/pcb_vs_pcba_dataset/train/bare_pcb/deeppcb_20085107_test_103.jpg
train,bare_pcb,deeppcb,/home/vector/Documents/abdullah_workspace/PCB_Defect_Dectection/pcb_vs_pcba_dataset/train/bare_pcb/deeppcb_50600032_temp_104.jpg
train,bare_pcb,deeppcb,/home/vector/Documents/abdullah_workspace/PCB_Defect_Dectection/pcb_vs_pcba_dataset/train/bare_pcb/deeppcb_50600052_temp_105.jpg
train,bare_pcb,deeppcb,/home/vector/Documents/abdullah_workspace/PCB_Defect_Dectection/pcb_vs_pcba_dataset/train/bare_pcb/deeppcb_20085018_temp_106.jpg
train,bare_pcb,deeppcb,/home/vector/Documents/abdullah_workspace/PCB_Defect_Dectection/pcb_vs_pcba_dataset/train/bare_pcb/deeppcb_77000076_test_107.jpg
train,bare_pcb,deeppcb,/home/vector/Documents/abdullah_workspace/PCB_Defect_Dectection/pcb_vs_pcba_dataset/train/bare_pcb/deeppcb_92000111_test_108.jpg
train,bare_pcb,deeppcb,/home/vector/Documents/abdullah_workspace/PCB_Defect_Dectection/pcb_vs_pcba_dataset/train/bare_pcb/deeppcb_50600063_temp_109.jpg
train,bare_pcb,deeppcb,/home/vector/Documents/abdullah_workspace/PCB_Defect_Dectection/pcb_vs_pcba_dataset/train/bare_pcb/deeppcb_50600041_test_110.jpg
train,bare_pcb,deeppcb,/home/vector/Documents/abdullah_workspace/PCB_Defect_Dectection/pcb_vs_pcba_dataset/train/bare_pcb/deeppcb_13000041_temp_111.jpg
train,bare_pcb,deeppcb,/home/vector/Documents/abdullah_workspace/PCB_Defect_Dectection/pcb_vs_pcba_dataset/train/bare_pcb/deeppcb_20085289_temp_112.jpg
train,bare_pcb,deeppcb,/home/vector/Documents/abdullah_workspace/PCB_Defect_Dectection/pcb_vs_pcba_dataset/train/bare_pcb/deeppcb_12100170_temp_113.jpg
train,bare_pcb,deeppcb,/home/vector/Documents/abdullah_workspace/PCB_Defect_Dectection/pcb_vs_pcba_dataset/train/bare_pcb/deeppcb_20085275_temp_114.jpg
train,bare_pcb,deeppcb,/home/vector/Documents/abdullah_workspace/PCB_Defect_Dectection/pcb_vs_pcba_dataset/train/bare_pcb/deeppcb_12100165_test_115.jpg
train,bare_pcb,deeppcb,/home/vector/Documents/abdullah_workspace/PCB_Defect_Dectection/pcb_vs_pcba_dataset/train/bare_pcb/deeppcb_12300060_temp_116.jpg
train,bare_pcb,deeppcb,/home/vector/Documents/abdullah_workspace/PCB_Defect_Dectection/pcb_vs_pcba_dataset/train/bare_pcb/deeppcb_77000001_temp_117.jpg
train,bare_pcb,pku,/home/vector/Documents/abdullah_workspace/PCB_Defect_Dectection/pcb_vs_pcba_dataset/train/bare_pcb/pku_08_spurious_copper_01_118.jpg
train,bare_pcb,deeppcb,/home/vector/Documents/abdullah_workspace/PCB_Defect_Dectection/pcb_vs_pcba_dataset/train/bare_pcb/deeppcb_44000030_temp_119.jpg
train,bare_pcb,deeppcb,/home/vector/Documents/abdullah_workspace/PCB_Defect_Dectection/pcb_vs_pcba_dataset/train/bare_pcb/deeppcb_00041122_test_120.jpg
train,bare_pcb,deeppcb,/home/vector/Documents/abdullah_workspace/PCB_Defect_Dectection/pcb_vs_pcba_dataset/train/bare_pcb/deeppcb_20085163_test_121.jpg
train,bare_pcb,pku,/home/vector/Documents/abdullah_workspace/PCB_Defect_Dectection/pcb_vs_pcba_dataset/train/bare_pcb/pku_06_short_01_122.jpg
train,bare_pcb,deeppcb,/home/vector/Documents/abdullah_workspace/PCB_Defect_Dectection/pcb_vs_pcba_dataset/train/bare_pcb/deeppcb_12300145_temp_123.jpg
train,bare_pcb,deeppcb,/home/vector/Documents/abdullah_workspace/PCB_Defect_Dectection/pcb_vs_pcba_dataset/train/bare_pcb/deeppcb_12300128_temp_124.jpg
train,bare_pcb,deeppcb,/home/vector/Documents/abdullah_workspace/PCB_Defect_Dectection/pcb_vs_pcba_dataset/train/bare_pcb/deeppcb_00041082_test_125.jpg
train,bare_pcb,deeppcb,/home/vector/Documents/abdullah_workspace/PCB_Defect_Dectection/pcb_vs_pcba_dataset/train/bare_pcb/deeppcb_50600071_temp_126.jpg
train,bare_pcb,deeppcb,/home/vector/Documents/abdullah_workspace/PCB_Defect_Dectection/pcb_vs_pcba_dataset/train/bare_pcb/deeppcb_00041065_temp_127.jpg
train,bare_pcb,deeppcb,/home/vector/Documents/abdullah_workspace/PCB_Defect_Dectection/pcb_vs_pcba_dataset/train/bare_pcb/deeppcb_00041143_test_128.jpg
train,bare_pcb,deeppcb,/home/vector/Documents/abdullah_workspace/PCB_Defect_Dectection/pcb_vs_pcba_dataset/train/bare_pcb/deeppcb_13000168_test_129.jpg
train,bare_pcb,deeppcb,/home/vector/Documents/abdullah_workspace/PCB_Defect_Dectection/pcb_vs_pcba_dataset/train/bare_pcb/deeppcb_90100020_test_130.jpg
train,bare_pcb,deeppcb,/home/vector/Documents/abdullah_workspace/PCB_Defect_Dectection/pcb_vs_pcba_dataset/train/bare_pcb/deeppcb_20085200_test_131.jpg
train,bare_pcb,deeppcb,/home/vector/Documents/abdullah_workspace/PCB_Defect_Dectection/pcb_vs_pcba_dataset/train/bare_pcb/deeppcb_12100011_temp_132.jpg
train,bare_pcb,deeppcb,/home/vector/Documents/abdullah_workspace/PCB_Defect_Dectection/pcb_vs_pcba_dataset/train/bare_pcb/deeppcb_20085243_test_133.jpg
train,bare_pcb,deeppcb,/home/vector/Documents/abdullah_workspace/PCB_Defect_Dectection/pcb_vs_pcba_dataset/train/bare_pcb/deeppcb_20085267_temp_134.jpg
train,bare_pcb,deeppcb,/home/vector/Documents/abdullah_workspace/PCB_Defect_Dectection/pcb_vs_pcba_dataset/train/bare_pcb/deeppcb_20085049_temp_135.jpg
train,bare_pcb,pku,/home/vector/Documents/abdullah_workspace/PCB_Defect_Dectection/pcb_vs_pcba_dataset/train/bare_pcb/pku_06_spurious_copper_10_136.jpg
train,bare_pcb,pku,/home/vector/Documents/abdullah_workspace/PCB_Defect_Dectection/pcb_vs_pcba_dataset/train/bare_pcb/pku_01_open_circuit_08_137.jpg
train,bare_pcb,deeppcb,/home/vector/Documents/abdullah_workspace/PCB_Defect_Dectection/pcb_vs_pcba_dataset/train/bare_pcb/deeppcb_00041124_test_138.jpg
train,bare_pcb,pku,/home/vector/Documents/abdullah_workspace/PCB_Defect_Dectection/pcb_vs_pcba_dataset/train/bare_pcb/pku_01_missing_hole_03_139.jpg
train,bare_pcb,deeppcb,/home/vector/Documents/abdullah_workspace/PCB_Defect_Dectection/pcb_vs_pcba_dataset/train/bare_pcb/deeppcb_00041129_test_140.jpg
train,bare_pcb,deeppcb,/home/vector/Documents/abdullah_workspace/PCB_Defect_Dectection/pcb_vs_pcba_dataset/train/bare_pcb/deeppcb_20085062_test_141.jpg
train,bare_pcb,deeppcb,/home/vector/Documents/abdullah_workspace/PCB_Defect_Dectection/pcb_vs_pcba_dataset/train/bare_pcb/deeppcb_44000045_temp_142.jpg
train,bare_pcb,deeppcb,/home/vector/Documents/abdullah_workspace/PCB_Defect_Dectection/pcb_vs_pcba_dataset/train/bare_pcb/deeppcb_00041110_test_143.jpg
train,bare_pcb,deeppcb,/home/vector/Documents/abdullah_workspace/PCB_Defect_Dectection/pcb_vs_pcba_dataset/train/bare_pcb/deeppcb_00041088_test_144.jpg
train,bare_pcb,deeppcb,/home/vector/Documents/abdullah_workspace/PCB_Defect_Dectection/pcb_vs_pcba_dataset/train/bare_pcb/deeppcb_00041104_test_145.jpg
train,bare_pcb,deeppcb,/home/vector/Documents/abdullah_workspace/PCB_Defect_Dectection/pcb_vs_pcba_dataset/train/bare_pcb/deeppcb_20085178_test_146.jpg
train,bare_pcb,deeppcb,/home/vector/Documents/abdullah_workspace/PCB_Defect_Dectection/pcb_vs_pcba_dataset/train/bare_pcb/deeppcb_44000076_temp_147.jpg
train,bare_pcb,deeppcb,/home/vector/Documents/abdullah_workspace/PCB_Defect_Dectection/pcb_vs_pcba_dataset/train/bare_pcb/deeppcb_20085206_temp_148.jpg
train,bare_pcb,pku,/home/vector/Documents/abdullah_workspace/PCB_Defect_Dectection/pcb_vs_pcba_dataset/train/bare_pcb/pku_07_open_circuit_01_149.jpg
train,bare_pcb,deeppcb,/home/vector/Documents/abdullah_workspace/PCB_Defect_Dectection/pcb_vs_pcba_dataset/train/bare_pcb/deeppcb_77000002_temp_150.jpg
train,bare_pcb,pku,/home/vector/Documents/abdullah_workspace/PCB_Defect_Dectection/pcb_vs_pcba_dataset/train/bare_pcb/pku_12_spur_05_151.jpg
train,bare_pcb,pku,/home/vector/Documents/abdullah_workspace/PCB_Defect_Dectection/pcb_vs_pcba_dataset/train/bare_pcb/pku_08_missing_hole_10_152.jpg
train,bare_pcb,deeppcb,/home/vector/Documents/abdullah_workspace/PCB_Defect_Dectection/pcb_vs_pcba_dataset/train/bare_pcb/deeppcb_12300139_test_153.jpg
train,bare_pcb,deeppcb,/home/vector/Documents/abdullah_workspace/PCB_Defect_Dectection/pcb_vs_pcba_dataset/train/bare_pcb/deeppcb_13000064_test_154.jpg
train,bare_pcb,deeppcb,/home/vector/Documents/abdullah_workspace/PCB_Defect_Dectection/pcb_vs_pcba_dataset/train/bare_pcb/deeppcb_00041102_test_155.jpg
train,bare_pcb,deeppcb,/home/vector/Documents/abdullah_workspace/PCB_Defect_Dectection/pcb_vs_pcba_dataset/train/bare_pcb/deeppcb_77000014_test_156.jpg
train,bare_pcb,deeppcb,/home/vector/Documents/abdullah_workspace/PCB_Defect_Dectection/pcb_vs_pcba_dataset/train/bare_pcb/deeppcb_20085084_temp_157.jpg
train,bare_pcb,pku,/home/vector/Documents/abdullah_workspace/PCB_Defect_Dectection/pcb_vs_pcba_dataset/train/bare_pcb/pku_08_spur_10_158.jpg
train,bare_pcb,deeppcb,/home/vector/Documents/abdullah_workspace/PCB_Defect_Dectection/pcb_vs_pcba_dataset/train/bare_pcb/deeppcb_12300232_test_159.jpg
train,bare_pcb,deeppcb,/home/vector/Documents/abdullah_workspace/PCB_Defect_Dectection/pcb_vs_pcba_dataset/train/bare_pcb/deeppcb_20085300_test_160.jpg
train,bare_pcb,deeppcb,/home/vector/Documents/abdullah_workspace/PCB_Defect_Dectection/pcb_vs_pcba_dataset/train/bare_pcb/deeppcb_20085179_test_161.jpg
train,bare_pcb,deeppcb,/home/vector/Documents/abdullah_workspace/PCB_Defect_Dectection/pcb_vs_pcba_dataset/train/bare_pcb/deeppcb_20085092_test_162.jpg
train,bare_pcb,deeppcb,/home/vector/Documents/abdullah_workspace/PCB_Defect_Dectection/pcb_vs_pcba_dataset/train/bare_pcb/deeppcb_00041047_temp_163.jpg
train,bare_pcb,deeppcb,/home/vector/Documents/abdullah_workspace/PCB_Defect_Dectection/pcb_vs_pcba_dataset/train/bare_pcb/deeppcb_20085260_temp_164.jpg
train,bare_pcb,pku,/home/vector/Documents/abdullah_workspace/PCB_Defect_Dectection/pcb_vs_pcba_dataset/train/bare_pcb/pku_12_short_05_165.jpg
train,bare_pcb,pku,/home/vector/Documents/abdullah_workspace/PCB_Defect_Dectection/pcb_vs_pcba_dataset/train/bare_pcb/pku_12_mouse_bite_10_166.jpg
train,bare_pcb,deeppcb,/home/vector/Documents/abdullah_workspace/PCB_Defect_Dectection/pcb_vs_pcba_dataset/train/bare_pcb/deeppcb_44000017_temp_167.jpg
train,bare_pcb,deeppcb,/home/vector/Documents/abdullah_workspace/PCB_Defect_Dectection/pcb_vs_pcba_dataset/train/bare_pcb/deeppcb_20085108_temp_168.jpg
train,bare_pcb,deeppcb,/home/vector/Documents/abdullah_workspace/PCB_Defect_Dectection/pcb_vs_pcba_dataset/train/bare_pcb/deeppcb_00041155_temp_169.jpg
train,bare_pcb,deeppcb,/home/vector/Documents/abdullah_workspace/PCB_Defect_Dectection/pcb_vs_pcba_dataset/train/bare_pcb/deeppcb_00041191_test_170.jpg
train,bare_pcb,deeppcb,/home/vector/Documents/abdullah_workspace/PCB_Defect_Dectection/pcb_vs_pcba_dataset/train/bare_pcb/deeppcb_20085250_test_171.jpg
train,bare_pcb,deeppcb,/home/vector/Documents/abdullah_workspace/PCB_Defect_Dectection/pcb_vs_pcba_dataset/train/bare_pcb/deeppcb_20085011_temp_172.jpg
train,bare_pcb,deeppcb,/home/vector/Documents/abdullah_workspace/PCB_Defect_Dectection/pcb_vs_pcba_dataset/train/bare_pcb/deeppcb_12300140_test_173.jpg
train,bare_pcb,deeppcb,/home/vector/Documents/abdullah_workspace/PCB_Defect_Dectection/pcb_vs_pcba_dataset/train/bare_pcb/deeppcb_20085167_test_174.jpg
train,bare_pcb,deeppcb,/home/vector/Documents/abdullah_workspace/PCB_Defect_Dectection/pcb_vs_pcba_dataset/train/bare_pcb/deeppcb_44000038_test_175.jpg
train,bare_pcb,deeppcb,/home/vector/Documents/abdullah_workspace/PCB_Defect_Dectection/pcb_vs_pcba_dataset/train/bare_pcb/deeppcb_90100086_temp_176.jpg
train,bare_pcb,deeppcb,/home/vector/Documents/abdullah_workspace/PCB_Defect_Dectection/pcb_vs_pcba_dataset/train/bare_pcb/deeppcb_77000028_test_177.jpg
train,bare_pcb,pku,/home/vector/Documents/abdullah_workspace/PCB_Defect_Dectection/pcb_vs_pcba_dataset/train/bare_pcb/pku_11_open_circuit_01_178.jpg
train,bare_pcb,deeppcb,/home/vector/Documents/abdullah_workspace/PCB_Defect_Dectection/pcb_vs_pcba_dataset/train/bare_pcb/deeppcb_20085258_test_179.jpg
train,bare_pcb,deeppcb,/home/vector/Documents/abdullah_workspace/PCB_Defect_Dectection/pcb_vs_pcba_dataset/train/bare_pcb/deeppcb_20085052_temp_180.jpg
train,bare_pcb,deeppcb,/home/vector/Documents/abdullah_workspace/PCB_Defect_Dectection/pcb_vs_pcba_dataset/train/bare_pcb/deeppcb_13000038_test_181.jpg
train,bare_pcb,deeppcb,/home/vector/Documents/abdullah_workspace/PCB_Defect_Dectection/pcb_vs_pcba_dataset/train/bare_pcb/deeppcb_12300067_test_182.jpg
train,bare_pcb,deeppcb,/home/vector/Documents/abdullah_workspace/PCB_Defect_Dectection/pcb_vs_pcba_dataset/train/bare_pcb/deeppcb_20085091_test_183.jpg
train,bare_pcb,deeppcb,/home/vector/Documents/abdullah_workspace/PCB_Defect_Dectection/pcb_vs_pcba_dataset/train/bare_pcb/deeppcb_77000008_test_184.jpg
train,bare_pcb,deeppcb,/home/vector/Documents/abdullah_workspace/PCB_Defect_Dectection/pcb_vs_pcba_dataset/train/bare_pcb/deeppcb_13000133_temp_185.jpg
train,bare_pcb,deeppcb,/home/vector/Documents/abdullah_workspace/PCB_Defect_Dectection/pcb_vs_pcba_dataset/train/bare_pcb/deeppcb_00041200_temp_186.jpg
train,bare_pcb,deeppcb,/home/vector/Documents/abdullah_workspace/PCB_Defect_Dectection/pcb_vs_pcba_dataset/train/bare_pcb/deeppcb_90100000_temp_187.jpg
train,bare_pcb,pku,/home/vector/Documents/abdullah_workspace/PCB_Defect_Dectection/pcb_vs_pcba_dataset/train/bare_pcb/pku_04_missing_hole_07_188.jpg
train,bare_pcb,deeppcb,/home/vector/Documents/abdullah_workspace/PCB_Defect_Dectection/pcb_vs_pcba_dataset/train/bare_pcb/deeppcb_12000038_temp_189.jpg
train,bare_pcb,deeppcb,/home/vector/Documents/abdullah_workspace/PCB_Defect_Dectection/pcb_vs_pcba_dataset/train/bare_pcb/deeppcb_00041101_temp_190.jpg
train,bare_pcb,deeppcb,/home/vector/Documents/abdullah_workspace/PCB_Defect_Dectection/pcb_vs_pcba_dataset/train/bare_pcb/deeppcb_13000196_test_191.jpg
train,bare_pcb,deeppcb,/home/vector/Documents/abdullah_workspace/PCB_Defect_Dectection/pcb_vs_pcba_dataset/train/bare_pcb/deeppcb_92000059_test_192.jpg
train,bare_pcb,deeppcb,/home/vector/Documents/abdullah_workspace/PCB_Defect_Dectection/pcb_vs_pcba_dataset/train/bare_pcb/deeppcb_92000024_test_193.jpg
train,bare_pcb,deeppcb,/home/vector/Documents/abdullah_workspace/PCB_Defect_Dectection/pcb_vs_pcba_dataset/train/bare_pcb/deeppcb_90100052_test_194.jpg
train,bare_pcb,pku,/home/vector/Documents/abdullah_workspace/PCB_Defect_Dectection/pcb_vs_pcba_dataset/train/bare_pcb/pku_07_mouse_bite_03_195.jpg
train,bare_pcb,deeppcb,/home/vector/Documents/abdullah_workspace/PCB_Defect_Dectection/pcb_vs_pcba_dataset/train/bare_pcb/deeppcb_92000037_test_196.jpg
train,bare_pcb,pku,/home/vector/Documents/abdullah_workspace/PCB_Defect_Dectection/pcb_vs_pcba_dataset/train/bare_pcb/pku_05_missing_hole_08_197.jpg
train,bare_pcb,pku,/home/vector/Documents/abdullah_workspace/PCB_Defect_Dectection/pcb_vs_pcba_dataset/train/bare_pcb/pku_04_short_18_198.jpg
train,bare_pcb,deeppcb,/home/vector/Documents/abdullah_workspace/PCB_Defect_Dectection/pcb_vs_pcba_dataset/train/bare_pcb/deeppcb_00041206_temp_199.jpg
train,bare_pcb,deeppcb,/home/vector/Documents/abdullah_workspace/PCB_Defect_Dectection/pcb_vs_pcba_dataset/train/bare_pcb/deeppcb_00041092_temp_200.jpg
train,bare_pcb,deeppcb,/home/vector/Documents/abdullah_workspace/PCB_Defect_Dectection/pcb_vs_pcba_dataset/train/bare_pcb/deeppcb_50600027_test_201.jpg
train,bare_pcb,deeppcb,/home/vector/Documents/abdullah_workspace/PCB_Defect_Dectection/pcb_vs_pcba_dataset/train/bare_pcb/deeppcb_13000185_temp_202.jpg
train,bare_pcb,deeppcb,/home/vector/Documents/abdullah_workspace/PCB_Defect_Dectection/pcb_vs_pcba_dataset/train/bare_pcb/deeppcb_44000058_temp_203.jpg
train,bare_pcb,deeppcb,/home/vector/Documents/abdullah_workspace/PCB_Defect_Dectection/pcb_vs_pcba_dataset/train/bare_pcb/deeppcb_92000067_test_204.jpg
train,bare_pcb,deeppcb,/home/vector/Documents/abdullah_workspace/PCB_Defect_Dectection/pcb_vs_pcba_dataset/train/bare_pcb/deeppcb_00041196_temp_205.jpg
train,bare_pcb,deeppcb,/home/vector/Documents/abdullah_workspace/PCB_Defect_Dectection/pcb_vs_pcba_dataset/train/bare_pcb/deeppcb_12100056_test_206.jpg
val,bare_pcb,deeppcb,/home/vector/Documents/abdullah_workspace/PCB_Defect_Dectection/pcb_vs_pcba_dataset/val/bare_pcb/deeppcb_20085245_test_0.jpg
val,bare_pcb,pku,/home/vector/Documents/abdullah_workspace/PCB_Defect_Dectection/pcb_vs_pcba_dataset/val/bare_pcb/pku_08_mouse_bite_08_1.jpg
val,bare_pcb,pku,/home/vector/Documents/abdullah_workspace/PCB_Defect_Dectection/pcb_vs_pcba_dataset/val/bare_pcb/pku_01_mouse_bite_14_2.jpg
val,bare_pcb,deeppcb,/home/vector/Documents/abdullah_workspace/PCB_Defect_Dectection/pcb_vs_pcba_dataset/val/bare_pcb/deeppcb_44000107_test_3.jpg
val,bare_pcb,pku,/home/vector/Documents/abdullah_workspace/PCB_Defect_Dectection/pcb_vs_pcba_dataset/val/bare_pcb/pku_10_open_circuit_03_4.jpg
val,bare_pcb,pku,/home/vector/Documents/abdullah_workspace/PCB_Defect_Dectection/pcb_vs_pcba_dataset/val/bare_pcb/pku_04_open_circuit_13_5.jpg
val,bare_pcb,deeppcb,/home/vector/Documents/abdullah_workspace/PCB_Defect_Dectection/pcb_vs_pcba_dataset/val/bare_pcb/deeppcb_77000043_test_6.jpg
val,bare_pcb,deeppcb,/home/vector/Documents/abdullah_workspace/PCB_Defect_Dectection/pcb_vs_pcba_dataset/val/bare_pcb/deeppcb_00041199_test_7.jpg
val,bare_pcb,deeppcb,/home/vector/Documents/abdullah_workspace/PCB_Defect_Dectection/pcb_vs_pcba_dataset/val/bare_pcb/deeppcb_77000104_test_8.jpg
val,bare_pcb,deeppcb,/home/vector/Documents/abdullah_workspace/PCB_Defect_Dectection/pcb_vs_pcba_dataset/val/bare_pcb/deeppcb_44000054_test_9.jpg
val,bare_pcb,deeppcb,/home/vector/Documents/abdullah_workspace/PCB_Defect_Dectection/pcb_vs_pcba_dataset/val/bare_pcb/deeppcb_92000084_test_10.jpg
val,bare_pcb,deeppcb,/home/vector/Documents/abdullah_workspace/PCB_Defect_Dectection/pcb_vs_pcba_dataset/val/bare_pcb/deeppcb_44000020_temp_11.jpg
val,bare_pcb,pku,/home/vector/Documents/abdullah_workspace/PCB_Defect_Dectection/pcb_vs_pcba_dataset/val/bare_pcb/pku_01_open_circuit_12_12.jpg
val,bare_pcb,deeppcb,/home/vector/Documents/abdullah_workspace/PCB_Defect_Dectection/pcb_vs_pcba_dataset/val/bare_pcb/deeppcb_00041201_test_13.jpg
val,bare_pcb,deeppcb,/home/vector/Documents/abdullah_workspace/PCB_Defect_Dectection/pcb_vs_pcba_dataset/val/bare_pcb/deeppcb_50600009_test_14.jpg
val,bare_pcb,deeppcb,/home/vector/Documents/abdullah_workspace/PCB_Defect_Dectection/pcb_vs_pcba_dataset/val/bare_pcb/deeppcb_20085239_temp_15.jpg
val,bare_pcb,deeppcb,/home/vector/Documents/abdullah_workspace/PCB_Defect_Dectection/pcb_vs_pcba_dataset/val/bare_pcb/deeppcb_12300073_test_16.jpg
val,bare_pcb,deeppcb,/home/vector/Documents/abdullah_workspace/PCB_Defect_Dectection/pcb_vs_pcba_dataset/val/bare_pcb/deeppcb_20085269_temp_17.jpg
val,bare_pcb,deeppcb,/home/vector/Documents/abdullah_workspace/PCB_Defect_Dectection/pcb_vs_pcba_dataset/val/bare_pcb/deeppcb_12100019_test_18.jpg
val,bare_pcb,deeppcb,/home/vector/Documents/abdullah_workspace/PCB_Defect_Dectection/pcb_vs_pcba_dataset/val/bare_pcb/deeppcb_00041120_temp_19.jpg
val,bare_pcb,deeppcb,/home/vector/Documents/abdullah_workspace/PCB_Defect_Dectection/pcb_vs_pcba_dataset/val/bare_pcb/deeppcb_13000051_test_20.jpg
val,bare_pcb,pku,/home/vector/Documents/abdullah_workspace/PCB_Defect_Dectection/pcb_vs_pcba_dataset/val/bare_pcb/pku_01_spurious_copper_09_21.jpg
val,bare_pcb,deeppcb,/home/vector/Documents/abdullah_workspace/PCB_Defect_Dectection/pcb_vs_pcba_dataset/val/bare_pcb/deeppcb_12100062_test_22.jpg
val,bare_pcb,deeppcb,/home/vector/Documents/abdullah_workspace/PCB_Defect_Dectection/pcb_vs_pcba_dataset/val/bare_pcb/deeppcb_44000039_temp_23.jpg
val,bare_pcb,deeppcb,/home/vector/Documents/abdullah_workspace/PCB_Defect_Dectection/pcb_vs_pcba_dataset/val/bare_pcb/deeppcb_77000022_test_24.jpg
val,bare_pcb,deeppcb,/home/vector/Documents/abdullah_workspace/PCB_Defect_Dectection/pcb_vs_pcba_dataset/val/bare_pcb/deeppcb_20085309_test_25.jpg
val,bare_pcb,deeppcb,/home/vector/Documents/abdullah_workspace/PCB_Defect_Dectection/pcb_vs_pcba_dataset/val/bare_pcb/deeppcb_20085165_temp_26.jpg
val,bare_pcb,deeppcb,/home/vector/Documents/abdullah_workspace/PCB_Defect_Dectection/pcb_vs_pcba_dataset/val/bare_pcb/deeppcb_00041103_temp_27.jpg
val,bare_pcb,deeppcb,/home/vector/Documents/abdullah_workspace/PCB_Defect_Dectection/pcb_vs_pcba_dataset/val/bare_pcb/deeppcb_13000033_test_28.jpg
val,bare_pcb,deeppcb,/home/vector/Documents/abdullah_workspace/PCB_Defect_Dectection/pcb_vs_pcba_dataset/val/bare_pcb/deeppcb_77000049_temp_29.jpg
val,bare_pcb,pku,/home/vector/Documents/abdullah_workspace/PCB_Defect_Dectection/pcb_vs_pcba_dataset/val/bare_pcb/pku_01_short_05_30.jpg
val,bare_pcb,deeppcb,/home/vector/Documents/abdullah_workspace/PCB_Defect_Dectection/pcb_vs_pcba_dataset/val/bare_pcb/deeppcb_20085056_test_31.jpg
val,bare_pcb,deeppcb,/home/vector/Documents/abdullah_workspace/PCB_Defect_Dectection/pcb_vs_pcba_dataset/val/bare_pcb/deeppcb_13000114_temp_32.jpg
val,bare_pcb,pku,/home/vector/Documents/abdullah_workspace/PCB_Defect_Dectection/pcb_vs_pcba_dataset/val/bare_pcb/pku_04_spur_14_33.jpg
val,bare_pcb,deeppcb,/home/vector/Documents/abdullah_workspace/PCB_Defect_Dectection/pcb_vs_pcba_dataset/val/bare_pcb/deeppcb_12100137_test_34.jpg
val,bare_pcb,deeppcb,/home/vector/Documents/abdullah_workspace/PCB_Defect_Dectection/pcb_vs_pcba_dataset/val/bare_pcb/deeppcb_20085120_temp_35.jpg
val,bare_pcb,deeppcb,/home/vector/Documents/abdullah_workspace/PCB_Defect_Dectection/pcb_vs_pcba_dataset/val/bare_pcb/deeppcb_20085042_temp_36.jpg
val,bare_pcb,deeppcb,/home/vector/Documents/abdullah_workspace/PCB_Defect_Dectection/pcb_vs_pcba_dataset/val/bare_pcb/deeppcb_13000214_temp_37.jpg
val,bare_pcb,deeppcb,/home/vector/Documents/abdullah_workspace/PCB_Defect_Dectection/pcb_vs_pcba_dataset/val/bare_pcb/deeppcb_12000017_test_38.jpg
val,bare_pcb,deeppcb,/home/vector/Documents/abdullah_workspace/PCB_Defect_Dectection/pcb_vs_pcba_dataset/val/bare_pcb/deeppcb_12100177_test_39.jpg
val,bare_pcb,deeppcb,/home/vector/Documents/abdullah_workspace/PCB_Defect_Dectection/pcb_vs_pcba_dataset/val/bare_pcb/deeppcb_00041154_test_40.jpg
val,bare_pcb,deeppcb,/home/vector/Documents/abdullah_workspace/PCB_Defect_Dectection/pcb_vs_pcba_dataset/val/bare_pcb/deeppcb_92000066_test_41.jpg
val,bare_pcb,deeppcb,/home/vector/Documents/abdullah_workspace/PCB_Defect_Dectection/pcb_vs_pcba_dataset/val/bare_pcb/deeppcb_44000113_test_42.jpg
val,bare_pcb,deeppcb,/home/vector/Documents/abdullah_workspace/PCB_Defect_Dectection/pcb_vs_pcba_dataset/val/bare_pcb/deeppcb_00041122_temp_43.jpg
test,bare_pcb,pku,/home/vector/Documents/abdullah_workspace/PCB_Defect_Dectection/pcb_vs_pcba_dataset/test/bare_pcb/pku_01_missing_hole_14_0.jpg
test,bare_pcb,deeppcb,/home/vector/Documents/abdullah_workspace/PCB_Defect_Dectection/pcb_vs_pcba_dataset/test/bare_pcb/deeppcb_12100150_temp_1.jpg
test,bare_pcb,deeppcb,/home/vector/Documents/abdullah_workspace/PCB_Defect_Dectection/pcb_vs_pcba_dataset/test/bare_pcb/deeppcb_20085271_temp_2.jpg
test,bare_pcb,deeppcb,/home/vector/Documents/abdullah_workspace/PCB_Defect_Dectection/pcb_vs_pcba_dataset/test/bare_pcb/deeppcb_77000106_test_3.jpg
test,bare_pcb,pku,/home/vector/Documents/abdullah_workspace/PCB_Defect_Dectection/pcb_vs_pcba_dataset/test/bare_pcb/pku_11_missing_hole_08_4.jpg
test,bare_pcb,deeppcb,/home/vector/Documents/abdullah_workspace/PCB_Defect_Dectection/pcb_vs_pcba_dataset/test/bare_pcb/deeppcb_00041161_temp_5.jpg
test,bare_pcb,deeppcb,/home/vector/Documents/abdullah_workspace/PCB_Defect_Dectection/pcb_vs_pcba_dataset/test/bare_pcb/deeppcb_90100035_temp_6.jpg
test,bare_pcb,deeppcb,/home/vector/Documents/abdullah_workspace/PCB_Defect_Dectection/pcb_vs_pcba_dataset/test/bare_pcb/deeppcb_00041019_temp_7.jpg
test,bare_pcb,deeppcb,/home/vector/Documents/abdullah_workspace/PCB_Defect_Dectection/pcb_vs_pcba_dataset/test/bare_pcb/deeppcb_00041087_temp_8.jpg
test,bare_pcb,deeppcb,/home/vector/Documents/abdullah_workspace/PCB_Defect_Dectection/pcb_vs_pcba_dataset/test/bare_pcb/deeppcb_13000103_test_9.jpg
test,bare_pcb,deeppcb,/home/vector/Documents/abdullah_workspace/PCB_Defect_Dectection/pcb_vs_pcba_dataset/test/bare_pcb/deeppcb_44000083_test_10.jpg
test,bare_pcb,deeppcb,/home/vector/Documents/abdullah_workspace/PCB_Defect_Dectection/pcb_vs_pcba_dataset/test/bare_pcb/deeppcb_20085205_test_11.jpg
test,bare_pcb,deeppcb,/home/vector/Documents/abdullah_workspace/PCB_Defect_Dectection/pcb_vs_pcba_dataset/test/bare_pcb/deeppcb_92000071_temp_12.jpg
test,bare_pcb,deeppcb,/home/vector/Documents/abdullah_workspace/PCB_Defect_Dectection/pcb_vs_pcba_dataset/test/bare_pcb/deeppcb_92000053_temp_13.jpg
test,bare_pcb,pku,/home/vector/Documents/abdullah_workspace/PCB_Defect_Dectection/pcb_vs_pcba_dataset/test/bare_pcb/pku_07_spur_04_14.jpg
test,bare_pcb,pku,/home/vector/Documents/abdullah_workspace/PCB_Defect_Dectection/pcb_vs_pcba_dataset/test/bare_pcb/pku_01_mouse_bite_17_15.jpg
test,bare_pcb,deeppcb,/home/vector/Documents/abdullah_workspace/PCB_Defect_Dectection/pcb_vs_pcba_dataset/test/bare_pcb/deeppcb_20085191_temp_16.jpg
test,bare_pcb,deeppcb,/home/vector/Documents/abdullah_workspace/PCB_Defect_Dectection/pcb_vs_pcba_dataset/test/bare_pcb/deeppcb_92000100_temp_17.jpg
test,bare_pcb,deeppcb,/home/vector/Documents/abdullah_workspace/PCB_Defect_Dectection/pcb_vs_pcba_dataset/test/bare_pcb/deeppcb_20085140_test_18.jpg
test,bare_pcb,deeppcb,/home/vector/Documents/abdullah_workspace/PCB_Defect_Dectection/pcb_vs_pcba_dataset/test/bare_pcb/deeppcb_20085285_test_19.jpg
test,bare_pcb,deeppcb,/home/vector/Documents/abdullah_workspace/PCB_Defect_Dectection/pcb_vs_pcba_dataset/test/bare_pcb/deeppcb_20085099_temp_20.jpg
test,bare_pcb,pku,/home/vector/Documents/abdullah_workspace/PCB_Defect_Dectection/pcb_vs_pcba_dataset/test/bare_pcb/pku_11_spur_10_21.jpg
test,bare_pcb,deeppcb,/home/vector/Documents/abdullah_workspace/PCB_Defect_Dectection/pcb_vs_pcba_dataset/test/bare_pcb/deeppcb_77000028_temp_22.jpg
test,bare_pcb,deeppcb,/home/vector/Documents/abdullah_workspace/PCB_Defect_Dectection/pcb_vs_pcba_dataset/test/bare_pcb/deeppcb_00041094_temp_23.jpg
test,bare_pcb,deeppcb,/home/vector/Documents/abdullah_workspace/PCB_Defect_Dectection/pcb_vs_pcba_dataset/test/bare_pcb/deeppcb_13000039_temp_24.jpg
test,bare_pcb,deeppcb,/home/vector/Documents/abdullah_workspace/PCB_Defect_Dectection/pcb_vs_pcba_dataset/test/bare_pcb/deeppcb_12300127_temp_25.jpg
test,bare_pcb,deeppcb,/home/vector/Documents/abdullah_workspace/PCB_Defect_Dectection/pcb_vs_pcba_dataset/test/bare_pcb/deeppcb_00041158_test_26.jpg
test,bare_pcb,deeppcb,/home/vector/Documents/abdullah_workspace/PCB_Defect_Dectection/pcb_vs_pcba_dataset/test/bare_pcb/deeppcb_13000040_temp_27.jpg
test,bare_pcb,deeppcb,/home/vector/Documents/abdullah_workspace/PCB_Defect_Dectection/pcb_vs_pcba_dataset/test/bare_pcb/deeppcb_00041130_temp_28.jpg
test,bare_pcb,pku,/home/vector/Documents/abdullah_workspace/PCB_Defect_Dectection/pcb_vs_pcba_dataset/test/bare_pcb/pku_06_spur_04_29.jpg
test,bare_pcb,deeppcb,/home/vector/Documents/abdullah_workspace/PCB_Defect_Dectection/pcb_vs_pcba_dataset/test/bare_pcb/deeppcb_12300240_test_30.jpg
test,bare_pcb,pku,/home/vector/Documents/abdullah_workspace/PCB_Defect_Dectection/pcb_vs_pcba_dataset/test/bare_pcb/pku_10_spurious_copper_03_31.jpg
test,bare_pcb,pku,/home/vector/Documents/abdullah_workspace/PCB_Defect_Dectection/pcb_vs_pcba_dataset/test/bare_pcb/pku_05_open_circuit_07_32.jpg
test,bare_pcb,deeppcb,/home/vector/Documents/abdullah_workspace/PCB_Defect_Dectection/pcb_vs_pcba_dataset/test/bare_pcb/deeppcb_92000072_test_33.jpg
test,bare_pcb,pku,/home/vector/Documents/abdullah_workspace/PCB_Defect_Dectection/pcb_vs_pcba_dataset/test/bare_pcb/pku_06_open_circuit_04_34.jpg
test,bare_pcb,deeppcb,/home/vector/Documents/abdullah_workspace/PCB_Defect_Dectection/pcb_vs_pcba_dataset/test/bare_pcb/deeppcb_92000036_test_35.jpg
test,bare_pcb,deeppcb,/home/vector/Documents/abdullah_workspace/PCB_Defect_Dectection/pcb_vs_pcba_dataset/test/bare_pcb/deeppcb_20085185_temp_36.jpg
test,bare_pcb,deeppcb,/home/vector/Documents/abdullah_workspace/PCB_Defect_Dectection/pcb_vs_pcba_dataset/test/bare_pcb/deeppcb_50600026_test_37.jpg
test,bare_pcb,deeppcb,/home/vector/Documents/abdullah_workspace/PCB_Defect_Dectection/pcb_vs_pcba_dataset/test/bare_pcb/deeppcb_50600059_temp_38.jpg
test,bare_pcb,deeppcb,/home/vector/Documents/abdullah_workspace/PCB_Defect_Dectection/pcb_vs_pcba_dataset/test/bare_pcb/deeppcb_12300241_temp_39.jpg
test,bare_pcb,deeppcb,/home/vector/Documents/abdullah_workspace/PCB_Defect_Dectection/pcb_vs_pcba_dataset/test/bare_pcb/deeppcb_20085268_temp_40.jpg
test,bare_pcb,deeppcb,/home/vector/Documents/abdullah_workspace/PCB_Defect_Dectection/pcb_vs_pcba_dataset/test/bare_pcb/deeppcb_44000097_temp_41.jpg
test,bare_pcb,deeppcb,/home/vector/Documents/abdullah_workspace/PCB_Defect_Dectection/pcb_vs_pcba_dataset/test/bare_pcb/deeppcb_92000055_test_42.jpg
test,bare_pcb,deeppcb,/home/vector/Documents/abdullah_workspace/PCB_Defect_Dectection/pcb_vs_pcba_dataset/test/bare_pcb/deeppcb_20085153_test_43.jpg
test,bare_pcb,deeppcb,/home/vector/Documents/abdullah_workspace/PCB_Defect_Dectection/pcb_vs_pcba_dataset/test/bare_pcb/deeppcb_44000014_test_44.jpg
test,bare_pcb,deeppcb,/home/vector/Documents/abdullah_workspace/PCB_Defect_Dectection/pcb_vs_pcba_dataset/test/bare_pcb/deeppcb_13000103_temp_45.jpg
train,pcba,roboflow_pcba,/home/vector/Documents/abdullah_workspace/PCB_Defect_Dectection/pcb_vs_pcba_dataset/train/pcba/roboflow_pcba_pcb_2f_cc_6_png.rf.d62cd7c5a4db14daeb3b3ad24e97e0b9_0.jpg
train,pcba,roboflow_pcba,/home/vector/Documents/abdullah_workspace/PCB_Defect_Dectection/pcb_vs_pcba_dataset/train/pcba/roboflow_pcba_Virtex6_jpg.rf.d63206a3088ab6869226561ec7eea3e1_1.jpg
train,pcba,roboflow_pcba,/home/vector/Documents/abdullah_workspace/PCB_Defect_Dectection/pcb_vs_pcba_dataset/train/pcba/roboflow_pcba_ACM-109_Bottom_jpg.rf.97a8fac964333e79642cdadff125d4a9_2.jpg
train,pcba,roboflow_pcba,/home/vector/Documents/abdullah_workspace/PCB_Defect_Dectection/pcb_vs_pcba_dataset/train/pcba/roboflow_pcba_ZTurn_jpg.rf.145d7d1b9a66bd8f6baef5a097d2df7b_3.jpg
train,pcba,roboflow_pcba,/home/vector/Documents/abdullah_workspace/PCB_Defect_Dectection/pcb_vs_pcba_dataset/train/pcba/roboflow_pcba_XLVDSproSupply_Top1_jpg.rf.8b4335d395f616a83ad91c0a47cc6816_4.jpg
train,pcba,roboflow_pcba,/home/vector/Documents/abdullah_workspace/PCB_Defect_Dectection/pcb_vs_pcba_dataset/train/pcba/roboflow_pcba_pcb164rec1_jpg.rf.13f5b2eb41f21c4cbd8fbcb0bfc8c6c5_5.jpg
train,pcba,roboflow_pcba,/home/vector/Documents/abdullah_workspace/PCB_Defect_Dectection/pcb_vs_pcba_dataset/train/pcba/roboflow_pcba_pcb129rec1_jpg.rf.6b45d72ac1d9d8f70912afd39fcbb0ac_6.jpg
train,pcba,roboflow_pcba,/home/vector/Documents/abdullah_workspace/PCB_Defect_Dectection/pcb_vs_pcba_dataset/train/pcba/roboflow_pcba_pcb72rec1_jpg.rf.d260158ba632201a7ba8e0486f8d7eb9_7.jpg
train,pcba,roboflow_pcba,/home/vector/Documents/abdullah_workspace/PCB_Defect_Dectection/pcb_vs_pcba_dataset/train/pcba/roboflow_pcba_Spartan6_Top_jpg.rf.ea9aa16be619ae2dbdf48f82c5912de5_8.jpg
train,pcba,roboflow_pcba,/home/vector/Documents/abdullah_workspace/PCB_Defect_Dectection/pcb_vs_pcba_dataset/train/pcba/roboflow_pcba_Ztex_jpg.rf.8d1f0fbf05c585a0f02ae44a1b14b329_9.jpg
train,pcba,roboflow_pcba,/home/vector/Documents/abdullah_workspace/PCB_Defect_Dectection/pcb_vs_pcba_dataset/train/pcba/roboflow_pcba_pcb23rec1_jpg.rf.40b71152d72410cb275588fb8be0aefe_10.jpg
train,pcba,roboflow_pcba,/home/vector/Documents/abdullah_workspace/PCB_Defect_Dectection/pcb_vs_pcba_dataset/train/pcba/roboflow_pcba_XLVDSproSupply_Top1_jpg.rf.1f14d7406eac6e008482c8081f443b9c_11.jpg
train,pcba,roboflow_pcba,/home/vector/Documents/abdullah_workspace/PCB_Defect_Dectection/pcb_vs_pcba_dataset/train/pcba/roboflow_pcba_pcb129rec1_jpg.rf.5c7e5210b0c0e804a31fa2014d42923b_12.jpg
train,pcba,roboflow_pcba,/home/vector/Documents/abdullah_workspace/PCB_Defect_Dectection/pcb_vs_pcba_dataset/train/pcba/roboflow_pcba_pcb27rec1_jpg.rf.7a7ba4f0a95e23f146c0dcaccc80124a_13.jpg
train,pcba,roboflow_pcba,/home/vector/Documents/abdullah_workspace/PCB_Defect_Dectection/pcb_vs_pcba_dataset/train/pcba/roboflow_pcba_pcb_18f_cc_12_png.rf.f81807dcd630f46a9f881407dde74d01_14.jpg
train,pcba,roboflow_pcba,/home/vector/Documents/abdullah_workspace/PCB_Defect_Dectection/pcb_vs_pcba_dataset/train/pcba/roboflow_pcba_pcb108rec1_jpg.rf.9d10bd36a9015186705bbae794b5a787_15.jpg
train,pcba,roboflow_pcba,/home/vector/Documents/abdullah_workspace/PCB_Defect_Dectection/pcb_vs_pcba_dataset/train/pcba/roboflow_pcba_pcb157rec1_jpg.rf.154c5fab583cf2327bb6ab4383951c07_16.jpg
train,pcba,roboflow_pcba,/home/vector/Documents/abdullah_workspace/PCB_Defect_Dectection/pcb_vs_pcba_dataset/train/pcba/roboflow_pcba_SystemAce_Bottom_jpg.rf.76d73525b2ebd9fdc8d74b5ebd2e830f_17.jpg
train,pcba,roboflow_pcba,/home/vector/Documents/abdullah_workspace/PCB_Defect_Dectection/pcb_vs_pcba_dataset/train/pcba/roboflow_pcba_pcb150rec1_jpg.rf.9d28f893836af1c332b1e3b41d3fb393_18.jpg
train,pcba,roboflow_pcba,/home/vector/Documents/abdullah_workspace/PCB_Defect_Dectection/pcb_vs_pcba_dataset/train/pcba/roboflow_pcba_pcb83rec1_jpg.rf.9f127896e33b3312ba597182ed238f51_19.jpg
train,pcba,roboflow_pcba,/home/vector/Documents/abdullah_workspace/PCB_Defect_Dectection/pcb_vs_pcba_dataset/train/pcba/roboflow_pcba_pcb150rec1_jpg.rf.5b9a0fb07b59779eaa462f1903a5d09e_20.jpg
train,pcba,roboflow_pcba,/home/vector/Documents/abdullah_workspace/PCB_Defect_Dectection/pcb_vs_pcba_dataset/train/pcba/roboflow_pcba_XCM-307A_Top_jpg.rf.a3c8226196731fe586f49275d27f6e0f_21.jpg
train,pcba,roboflow_pcba,/home/vector/Documents/abdullah_workspace/PCB_Defect_Dectection/pcb_vs_pcba_dataset/train/pcba/roboflow_pcba_pcb66rec1_jpg.rf.6729c3686ce273375c22ae24b1d86b72_22.jpg
train,pcba,roboflow_pcba,/home/vector/Documents/abdullah_workspace/PCB_Defect_Dectection/pcb_vs_pcba_dataset/train/pcba/roboflow_pcba_DuetWIFI_Top_jpg.rf.9448839dd19f48119e3a04f45efe4263_23.jpg
train,pcba,roboflow_pcba,/home/vector/Documents/abdullah_workspace/PCB_Defect_Dectection/pcb_vs_pcba_dataset/train/pcba/roboflow_pcba_RPI3B_Bottom_jpg.rf.c4fed8e60d48c3ef1cb9de3b1918c8cc_24.jpg
train,pcba,roboflow_pcba,/home/vector/Documents/abdullah_workspace/PCB_Defect_Dectection/pcb_vs_pcba_dataset/train/pcba/roboflow_pcba_pcb_47b_cc_25_png.rf.6a258b386f9736c7f406796bf33c0b47_25.jpg
train,pcba,roboflow_pcba,/home/vector/Documents/abdullah_workspace/PCB_Defect_Dectection/pcb_vs_pcba_dataset/train/pcba/roboflow_pcba_ThingMagicM6e_jpg.rf.c32c172e2798ac676e650ce98f3005bc_26.jpg
train,pcba,roboflow_pcba,/home/vector/Documents/abdullah_workspace/PCB_Defect_Dectection/pcb_vs_pcba_dataset/train/pcba/roboflow_pcba_DuetWIFI_Top_jpg.rf.e309672d6f6fe67819fb596817b7aa03_27.jpg
train,pcba,roboflow_pcba,/home/vector/Documents/abdullah_workspace/PCB_Defect_Dectection/pcb_vs_pcba_dataset/train/pcba/roboflow_pcba_pcb109rec1_jpg.rf.bceaaf79c863136a7d8b0ff8a9050566_28.jpg
train,pcba,roboflow_pcba,/home/vector/Documents/abdullah_workspace/PCB_Defect_Dectection/pcb_vs_pcba_dataset/train/pcba/roboflow_pcba_pcb69rec1_jpg.rf.de651d801acac5fc075ef44d19b936b0_29.jpg
train,pcba,roboflow_pcba,/home/vector/Documents/abdullah_workspace/PCB_Defect_Dectection/pcb_vs_pcba_dataset/train/pcba/roboflow_pcba_pcb137rec1_jpg.rf.d57dc49176c880a38678829c0f5ed862_30.jpg
train,pcba,roboflow_pcba,/home/vector/Documents/abdullah_workspace/PCB_Defect_Dectection/pcb_vs_pcba_dataset/train/pcba/roboflow_pcba_pcb34rec1_jpg.rf.4627d9f50e7d079c23563b438f211a66_31.jpg
train,pcba,roboflow_pcba,/home/vector/Documents/abdullah_workspace/PCB_Defect_Dectection/pcb_vs_pcba_dataset/train/pcba/roboflow_pcba_pcb38rec1_jpg.rf.af2ac2ebfbcd7559521428ce88fff27a_32.jpg
train,pcba,roboflow_pcba,/home/vector/Documents/abdullah_workspace/PCB_Defect_Dectection/pcb_vs_pcba_dataset/train/pcba/roboflow_pcba_pcb53rec1_jpg.rf.e3947d3e8ec20194bcf277dd3be72e10_33.jpg
train,pcba,roboflow_pcba,/home/vector/Documents/abdullah_workspace/PCB_Defect_Dectection/pcb_vs_pcba_dataset/train/pcba/roboflow_pcba_ArduinoMega_Bottom_png_jpg.rf.ad15cb814e97c140a239aa4adb6b5336_34.jpg
train,pcba,roboflow_pcba,/home/vector/Documents/abdullah_workspace/PCB_Defect_Dectection/pcb_vs_pcba_dataset/train/pcba/roboflow_pcba_pcb76rec1_jpg.rf.bdb57a400295961a88799fea374b4968_35.jpg
train,pcba,roboflow_pcba,/home/vector/Documents/abdullah_workspace/PCB_Defect_Dectection/pcb_vs_pcba_dataset/train/pcba/roboflow_pcba_pcb53rec1_jpg.rf.996f55783507e03fb59f4d678dbc90bf_36.jpg
train,pcba,roboflow_pcba,/home/vector/Documents/abdullah_workspace/PCB_Defect_Dectection/pcb_vs_pcba_dataset/train/pcba/roboflow_pcba_pcb108rec1_jpg.rf.d902218ed77b98c85146add6565230c3_37.jpg
train,pcba,roboflow_pcba,/home/vector/Documents/abdullah_workspace/PCB_Defect_Dectection/pcb_vs_pcba_dataset/train/pcba/roboflow_pcba_OlimexRed_png_jpg.rf.003f80b1baec00123fcd71ea3da2e598_38.jpg
train,pcba,roboflow_pcba,/home/vector/Documents/abdullah_workspace/PCB_Defect_Dectection/pcb_vs_pcba_dataset/train/pcba/roboflow_pcba_EDA-008_Top_jpg.rf.2e6dcee0a1e7bad619e1d97e4f06aaba_39.jpg
train,pcba,roboflow_pcba,/home/vector/Documents/abdullah_workspace/PCB_Defect_Dectection/pcb_vs_pcba_dataset/train/pcba/roboflow_pcba_pcb33rec1_jpg.rf.a53187fd569f5609d523a08b466e70f8_40.jpg
train,pcba,roboflow_pcba,/home/vector/Documents/abdullah_workspace/PCB_Defect_Dectection/pcb_vs_pcba_dataset/train/pcba/roboflow_pcba_pcb115rec1_jpg.rf.026b8fa190364c471ae79d5319e89468_41.jpg
train,pcba,roboflow_pcba,/home/vector/Documents/abdullah_workspace/PCB_Defect_Dectection/pcb_vs_pcba_dataset/train/pcba/roboflow_pcba_SystemAce_Top_jpg.rf.930804dd8092dc46a0c29d906bccc644_42.jpg
train,pcba,roboflow_pcba,/home/vector/Documents/abdullah_workspace/PCB_Defect_Dectection/pcb_vs_pcba_dataset/train/pcba/roboflow_pcba_pcb73rec1_jpg.rf.bd664ae3fdce7b8f75968a6a10f32c29_43.jpg
train,pcba,roboflow_pcba,/home/vector/Documents/abdullah_workspace/PCB_Defect_Dectection/pcb_vs_pcba_dataset/train/pcba/roboflow_pcba_pcb51rec1_jpg.rf.6005427b3f3622fd5faae0636e87f98d_44.jpg
train,pcba,roboflow_pcba,/home/vector/Documents/abdullah_workspace/PCB_Defect_Dectection/pcb_vs_pcba_dataset/train/pcba/roboflow_pcba_HackRF_JPG.rf.1d003720bd596b4d58fd21bfd880b87b_45.jpg
train,pcba,roboflow_pcba,/home/vector/Documents/abdullah_workspace/PCB_Defect_Dectection/pcb_vs_pcba_dataset/train/pcba/roboflow_pcba_ACM-109_Bottom_jpg.rf.1a103fe17eadf479f7594df1237b4961_46.jpg
train,pcba,roboflow_pcba,/home/vector/Documents/abdullah_workspace/PCB_Defect_Dectection/pcb_vs_pcba_dataset/train/pcba/roboflow_pcba_pcb21rec1_jpg.rf.1b25889409df4ea79aa27c456423bab5_47.jpg
train,pcba,roboflow_pcba,/home/vector/Documents/abdullah_workspace/PCB_Defect_Dectection/pcb_vs_pcba_dataset/train/pcba/roboflow_pcba_Spartan6_Top_jpg.rf.318b4dd9fea9eb2b738c2b3737cd9f60_48.jpg
train,pcba,roboflow_pcba,/home/vector/Documents/abdullah_workspace/PCB_Defect_Dectection/pcb_vs_pcba_dataset/train/pcba/roboflow_pcba_pcb133rec1_jpg.rf.25ada0de118e97533338b7849365f2cb_49.jpg
train,pcba,roboflow_pcba,/home/vector/Documents/abdullah_workspace/PCB_Defect_Dectection/pcb_vs_pcba_dataset/train/pcba/roboflow_pcba_ACM-109_Bottom_jpg.rf.66eec7edec2aeea3c2f4e7d49bb01efc_50.jpg
train,pcba,roboflow_pcba,/home/vector/Documents/abdullah_workspace/PCB_Defect_Dectection/pcb_vs_pcba_dataset/train/pcba/roboflow_pcba_pcb130rec1_jpg.rf.0222ef9198cff863fc0974da546468b1_51.jpg
train,pcba,roboflow_pcba,/home/vector/Documents/abdullah_workspace/PCB_Defect_Dectection/pcb_vs_pcba_dataset/train/pcba/roboflow_pcba_pcb113rec1_jpg.rf.6662398b55c1da8c76f5fb4c9b5470b0_52.jpg
train,pcba,roboflow_pcba,/home/vector/Documents/abdullah_workspace/PCB_Defect_Dectection/pcb_vs_pcba_dataset/train/pcba/roboflow_pcba_pcb134rec1_jpg.rf.ab4a1106a47d0c423b29eef8b7cd70ff_53.jpg
train,pcba,roboflow_pcba,/home/vector/Documents/abdullah_workspace/PCB_Defect_Dectection/pcb_vs_pcba_dataset/train/pcba/roboflow_pcba_RPI3B_Bottom_jpg.rf.bd1e39a06e0f6ccbe56d96d3fa2d1d5c_54.jpg
train,pcba,roboflow_pcba,/home/vector/Documents/abdullah_workspace/PCB_Defect_Dectection/pcb_vs_pcba_dataset/train/pcba/roboflow_pcba_ACM-109_Bottom_jpg.rf.4c620791aaa4dc03fa95629e26776c6e_55.jpg
train,pcba,roboflow_pcba,/home/vector/Documents/abdullah_workspace/PCB_Defect_Dectection/pcb_vs_pcba_dataset/train/pcba/roboflow_pcba_SystemAce_Bottom_jpg.rf.7bc9b4b5679d0d278567ced37ce7c13c_56.jpg
train,pcba,roboflow_pcba,/home/vector/Documents/abdullah_workspace/PCB_Defect_Dectection/pcb_vs_pcba_dataset/train/pcba/roboflow_pcba_ArduinoMega_Bottom_png_jpg.rf.3ef18f9907f45c950fe5cfc88110866a_57.jpg
train,pcba,roboflow_pcba,/home/vector/Documents/abdullah_workspace/PCB_Defect_Dectection/pcb_vs_pcba_dataset/train/pcba/roboflow_pcba_pcb7rec1_jpg.rf.c3a15479093754f1da694f57ebc51710_58.jpg
train,pcba,roboflow_pcba,/home/vector/Documents/abdullah_workspace/PCB_Defect_Dectection/pcb_vs_pcba_dataset/train/pcba/roboflow_pcba_pcb100rec1_jpg.rf.b502c47d631f893bbba5e6630c53c423_59.jpg
train,pcba,roboflow_pcba,/home/vector/Documents/abdullah_workspace/PCB_Defect_Dectection/pcb_vs_pcba_dataset/train/pcba/roboflow_pcba_XLVDSproSupply_Bottom2_jpg.rf.fe463fe4a970b6b2911bf962f9ac724a_60.jpg
train,pcba,roboflow_pcba,/home/vector/Documents/abdullah_workspace/PCB_Defect_Dectection/pcb_vs_pcba_dataset/train/pcba/roboflow_pcba_ML450_Top1_jpg.rf.b972bf189b2c9c3dfee7ae3acb8dc9d5_61.jpg
train,pcba,roboflow_pcba,/home/vector/Documents/abdullah_workspace/PCB_Defect_Dectection/pcb_vs_pcba_dataset/train/pcba/roboflow_pcba_pcb_97f_cc_33_png.rf.3a9ee1d1938240e2838539108c4f066b_62.jpg
train,pcba,roboflow_pcba,/home/vector/Documents/abdullah_workspace/PCB_Defect_Dectection/pcb_vs_pcba_dataset/train/pcba/roboflow_pcba_pcb124rec1_jpg.rf.273150c987c95f64fd0091030c8b2aa3_63.jpg
train,pcba,roboflow_pcba,/home/vector/Documents/abdullah_workspace/PCB_Defect_Dectection/pcb_vs_pcba_dataset/train/pcba/roboflow_pcba_Spartan6Redux_Top_jpg.rf.bd8f7114267818f247c659c6b45460c7_64.jpg
train,pcba,roboflow_pcba,/home/vector/Documents/abdullah_workspace/PCB_Defect_Dectection/pcb_vs_pcba_dataset/train/pcba/roboflow_pcba_pcb134rec1_jpg.rf.f04ca37d9185dba0b00c26f9d12b77f9_65.jpg
train,pcba,roboflow_pcba,/home/vector/Documents/abdullah_workspace/PCB_Defect_Dectection/pcb_vs_pcba_dataset/train/pcba/roboflow_pcba_pcb139rec1_jpg.rf.4f598346233c62484b8ca44dee322d19_66.jpg
train,pcba,roboflow_pcba,/home/vector/Documents/abdullah_workspace/PCB_Defect_Dectection/pcb_vs_pcba_dataset/train/pcba/roboflow_pcba_Spartan6_Top_jpg.rf.3f6bd68fd139e74f80df80b566223255_67.jpg
train,pcba,roboflow_pcba,/home/vector/Documents/abdullah_workspace/PCB_Defect_Dectection/pcb_vs_pcba_dataset/train/pcba/roboflow_pcba_pcb14rec1_jpg.rf.3194f0867e87df86ded166a65d28c03a_68.jpg
train,pcba,roboflow_pcba,/home/vector/Documents/abdullah_workspace/PCB_Defect_Dectection/pcb_vs_pcba_dataset/train/pcba/roboflow_pcba_pcb3rec1_jpg.rf.c2e29bccd2bee5f4d3eaa0f4078f2ad7_69.jpg
train,pcba,roboflow_pcba,/home/vector/Documents/abdullah_workspace/PCB_Defect_Dectection/pcb_vs_pcba_dataset/train/pcba/roboflow_pcba_pcb112rec1_jpg.rf.90bb4e3498af679da25c0fa01fde95c2_70.jpg
train,pcba,roboflow_pcba,/home/vector/Documents/abdullah_workspace/PCB_Defect_Dectection/pcb_vs_pcba_dataset/train/pcba/roboflow_pcba_HackRF_JPG_jpg.rf.6978d4b4a381eb63a0a1f2d7ebb871ba_71.jpg
train,pcba,roboflow_pcba,/home/vector/Documents/abdullah_workspace/PCB_Defect_Dectection/pcb_vs_pcba_dataset/train/pcba/roboflow_pcba_pcb103rec1_jpg.rf.be90490242b3b6fe4bc4408dcc709d89_72.jpg
train,pcba,roboflow_pcba,/home/vector/Documents/abdullah_workspace/PCB_Defect_Dectection/pcb_vs_pcba_dataset/train/pcba/roboflow_pcba_ML450_Top1_jpg.rf.ee9bbdfb1c7b03cc4a458fa3f332a27e_73.jpg
train,pcba,roboflow_pcba,/home/vector/Documents/abdullah_workspace/PCB_Defect_Dectection/pcb_vs_pcba_dataset/train/pcba/roboflow_pcba_ArduinoMega_Bottom_jpg.rf.88c033a1eb73770a14faaeee79f6dc5b_74.jpg
train,pcba,roboflow_pcba,/home/vector/Documents/abdullah_workspace/PCB_Defect_Dectection/pcb_vs_pcba_dataset/train/pcba/roboflow_pcba_Virtex5_jpg.rf.de4af79ebbd2aead0f64f1a6490ceee3_75.jpg
train,pcba,roboflow_pcba,/home/vector/Documents/abdullah_workspace/PCB_Defect_Dectection/pcb_vs_pcba_dataset/train/pcba/roboflow_pcba_pcb16rec1_jpg.rf.994e76e50ebe242ab86f8584a3e0a3b4_76.jpg
train,pcba,roboflow_pcba,/home/vector/Documents/abdullah_workspace/PCB_Defect_Dectection/pcb_vs_pcba_dataset/train/pcba/roboflow_pcba_pcb137rec1_jpg.rf.157eb7c733d1f8f91f427ad1949956dc_77.jpg
train,pcba,roboflow_pcba,/home/vector/Documents/abdullah_workspace/PCB_Defect_Dectection/pcb_vs_pcba_dataset/train/pcba/roboflow_pcba_ArduinoMega_Top_jpg.rf.cb5705958b83fc37a35415bfa91f719f_78.jpg
train,pcba,roboflow_pcba,/home/vector/Documents/abdullah_workspace/PCB_Defect_Dectection/pcb_vs_pcba_dataset/train/pcba/roboflow_pcba_XLVDSproSupply_Bottom2_jpg.rf.a0ebcb5f4ec94ae97649dd62f623137f_79.jpg
train,pcba,roboflow_pcba,/home/vector/Documents/abdullah_workspace/PCB_Defect_Dectection/pcb_vs_pcba_dataset/train/pcba/roboflow_pcba_pcb63rec1_jpg.rf.cb7cea3e7a1876be162eae01b33b5f60_80.jpg
train,pcba,roboflow_pcba,/home/vector/Documents/abdullah_workspace/PCB_Defect_Dectection/pcb_vs_pcba_dataset/train/pcba/roboflow_pcba_pcb_6b_cc_10_png.rf.38fca72137acdec7e40cd7595bf04d5f_81.jpg
train,pcba,roboflow_pcba,/home/vector/Documents/abdullah_workspace/PCB_Defect_Dectection/pcb_vs_pcba_dataset/train/pcba/roboflow_pcba_pcb5rec1_jpg.rf.c151f72d8c315b03cd70fd26304356eb_82.jpg
train,pcba,roboflow_pcba,/home/vector/Documents/abdullah_workspace/PCB_Defect_Dectection/pcb_vs_pcba_dataset/train/pcba/roboflow_pcba_EDA-008_Bottom_jpg.rf.e2aeb9f6b95d8d4355c2c015bd88b0aa_83.jpg
train,pcba,roboflow_pcba,/home/vector/Documents/abdullah_workspace/PCB_Defect_Dectection/pcb_vs_pcba_dataset/train/pcba/roboflow_pcba_pcb153rec1_jpg.rf.ae8ecc7e86ac6ee62dbc2ca90e460186_84.jpg
train,pcba,roboflow_pcba,/home/vector/Documents/abdullah_workspace/PCB_Defect_Dectection/pcb_vs_pcba_dataset/train/pcba/roboflow_pcba_pcb126rec1_jpg.rf.f62a708292bf89368a768195bd426d45_85.jpg
train,pcba,roboflow_pcba,/home/vector/Documents/abdullah_workspace/PCB_Defect_Dectection/pcb_vs_pcba_dataset/train/pcba/roboflow_pcba_pcb_9f_cc_2_png.rf.1aa76cb3135936900ab2c9ffe140537b_86.jpg
train,pcba,roboflow_pcba,/home/vector/Documents/abdullah_workspace/PCB_Defect_Dectection/pcb_vs_pcba_dataset/train/pcba/roboflow_pcba_pcb105rec1_jpg.rf.5e4bf62ff7c2e13a99ffa5e7d2894fac_87.jpg
train,pcba,roboflow_pcba,/home/vector/Documents/abdullah_workspace/PCB_Defect_Dectection/pcb_vs_pcba_dataset/train/pcba/roboflow_pcba_pcb155rec1_jpg.rf.85e8122dec180b49894022ba0356447a_88.jpg
train,pcba,roboflow_pcba,/home/vector/Documents/abdullah_workspace/PCB_Defect_Dectection/pcb_vs_pcba_dataset/train/pcba/roboflow_pcba_pcb_92f_cc_33_png.rf.e4a9a8618875bfd2b4f5a47aa8fa6155_89.jpg
train,pcba,roboflow_pcba,/home/vector/Documents/abdullah_workspace/PCB_Defect_Dectection/pcb_vs_pcba_dataset/train/pcba/roboflow_pcba_pcb91rec1_jpg.rf.d0ba224ed1bb0d79e6b42f946528bdcb_90.jpg
train,pcba,roboflow_pcba,/home/vector/Documents/abdullah_workspace/PCB_Defect_Dectection/pcb_vs_pcba_dataset/train/pcba/roboflow_pcba_pcb97rec1_jpg.rf.9c9674c6b95c2ab57d8a742cea1e71ee_91.jpg
train,pcba,roboflow_pcba,/home/vector/Documents/abdullah_workspace/PCB_Defect_Dectection/pcb_vs_pcba_dataset/train/pcba/roboflow_pcba_ArduinoMega_Top_jpg.rf.410bb5dd4e30feb0f067b332f412cbfd_92.jpg
train,pcba,roboflow_pcba,/home/vector/Documents/abdullah_workspace/PCB_Defect_Dectection/pcb_vs_pcba_dataset/train/pcba/roboflow_pcba_Spartan6_Bottom_jpg.rf.8c2a6eae99f4a62feedfc38f91e158d0_93.jpg
train,pcba,roboflow_pcba,/home/vector/Documents/abdullah_workspace/PCB_Defect_Dectection/pcb_vs_pcba_dataset/train/pcba/roboflow_pcba_pcb101rec1_jpg.rf.a94995603c0f4f1b55c5e4e76681cd39_94.jpg
train,pcba,roboflow_pcba,/home/vector/Documents/abdullah_workspace/PCB_Defect_Dectection/pcb_vs_pcba_dataset/train/pcba/roboflow_pcba_pcb_3f_cc_3_png.rf.dbd2bdc7776a9751cdede1a95789f52c_95.jpg
train,pcba,roboflow_pcba,/home/vector/Documents/abdullah_workspace/PCB_Defect_Dectection/pcb_vs_pcba_dataset/train/pcba/roboflow_pcba_pcb113rec1_jpg.rf.3c1fb0dbd8fe771e824ece3ef1c2c065_96.jpg
train,pcba,roboflow_pcba,/home/vector/Documents/abdullah_workspace/PCB_Defect_Dectection/pcb_vs_pcba_dataset/train/pcba/roboflow_pcba_pcb_40f_cc_21_png.rf.f382e697295e958654481d3712a4e78d_97.jpg
train,pcba,roboflow_pcba,/home/vector/Documents/abdullah_workspace/PCB_Defect_Dectection/pcb_vs_pcba_dataset/train/pcba/roboflow_pcba_pcb104rec1_jpg.rf.98ba602d09f1cfea68695f59d48307f2_98.jpg
train,pcba,roboflow_pcba,/home/vector/Documents/abdullah_workspace/PCB_Defect_Dectection/pcb_vs_pcba_dataset/train/pcba/roboflow_pcba_pcb72rec1_jpg.rf.e7e69db8648706ce917427d47b9e79ef_99.jpg
train,pcba,roboflow_pcba,/home/vector/Documents/abdullah_workspace/PCB_Defect_Dectection/pcb_vs_pcba_dataset/train/pcba/roboflow_pcba_pcb83rec1_jpg.rf.9fa291ed6a46d1277715bf21a40ffe59_100.jpg
train,pcba,roboflow_pcba,/home/vector/Documents/abdullah_workspace/PCB_Defect_Dectection/pcb_vs_pcba_dataset/train/pcba/roboflow_pcba_pcb118rec1_jpg.rf.05360b44f2a55c35306cffb03f1ffd10_101.jpg
train,pcba,roboflow_pcba,/home/vector/Documents/abdullah_workspace/PCB_Defect_Dectection/pcb_vs_pcba_dataset/train/pcba/roboflow_pcba_pcb_33f_cc_11_png.rf.955b44197e6f62ab6eb9870918d1d8d3_102.jpg
train,pcba,roboflow_pcba,/home/vector/Documents/abdullah_workspace/PCB_Defect_Dectection/pcb_vs_pcba_dataset/train/pcba/roboflow_pcba_pcb24rec1_jpg.rf.36b221870915f60419ef0588b24b46d9_103.jpg
train,pcba,roboflow_pcba,/home/vector/Documents/abdullah_workspace/PCB_Defect_Dectection/pcb_vs_pcba_dataset/train/pcba/roboflow_pcba_ATTIOT_Top_JPG_jpg.rf.4e16040aa9b542c5e16f5b05f249b2da_104.jpg
train,pcba,roboflow_pcba,/home/vector/Documents/abdullah_workspace/PCB_Defect_Dectection/pcb_vs_pcba_dataset/train/pcba/roboflow_pcba_XLVDSproSupply_Bottom1_jpg.rf.a80ba3126eabdbb0c2b899343fee4fa1_105.jpg
train,pcba,roboflow_pcba,/home/vector/Documents/abdullah_workspace/PCB_Defect_Dectection/pcb_vs_pcba_dataset/train/pcba/roboflow_pcba_ATTIOT_Bottom_jpg.rf.45da43d8598da0644f19060248cc3be7_106.jpg
train,pcba,roboflow_pcba,/home/vector/Documents/abdullah_workspace/PCB_Defect_Dectection/pcb_vs_pcba_dataset/train/pcba/roboflow_pcba_pcb16rec1_jpg.rf.300ea3efd0765a45b583e12408174701_107.jpg
train,pcba,roboflow_pcba,/home/vector/Documents/abdullah_workspace/PCB_Defect_Dectection/pcb_vs_pcba_dataset/train/pcba/roboflow_pcba_pcb100rec1_jpg.rf.e2845ce46076689d037dfca13786660e_108.jpg
train,pcba,roboflow_pcba,/home/vector/Documents/abdullah_workspace/PCB_Defect_Dectection/pcb_vs_pcba_dataset/train/pcba/roboflow_pcba_ML450_Bottom2_jpg.rf.736be50545885345eaa5fd616adfdd86_109.jpg
train,pcba,roboflow_pcba,/home/vector/Documents/abdullah_workspace/PCB_Defect_Dectection/pcb_vs_pcba_dataset/train/pcba/roboflow_pcba_Virtex6_jpg.rf.f3e95e3e641c2392b06f93d21c845906_110.jpg
train,pcba,roboflow_pcba,/home/vector/Documents/abdullah_workspace/PCB_Defect_Dectection/pcb_vs_pcba_dataset/train/pcba/roboflow_pcba_pcb21rec1_jpg.rf.ad90dfbe33685d41eca2e03119502650_111.jpg
train,pcba,roboflow_pcba,/home/vector/Documents/abdullah_workspace/PCB_Defect_Dectection/pcb_vs_pcba_dataset/train/pcba/roboflow_pcba_pcb130rec1_jpg.rf.9655b128d5f12f43f2fe02f43c018613_112.jpg
train,pcba,roboflow_pcba,/home/vector/Documents/abdullah_workspace/PCB_Defect_Dectection/pcb_vs_pcba_dataset/train/pcba/roboflow_pcba_RPI3B_Top_jpg.rf.d2e102ae2de7fa306e9bef0a38532f31_113.jpg
train,pcba,roboflow_pcba,/home/vector/Documents/abdullah_workspace/PCB_Defect_Dectection/pcb_vs_pcba_dataset/train/pcba/roboflow_pcba_pcb115rec1_jpg.rf.7959aba926edddd6b8920021ddd07814_114.jpg
train,pcba,roboflow_pcba,/home/vector/Documents/abdullah_workspace/PCB_Defect_Dectection/pcb_vs_pcba_dataset/train/pcba/roboflow_pcba_pcb131rec1_jpg.rf.25ca6392ccd2a0106b164ac1e6549faf_115.jpg
train,pcba,roboflow_pcba,/home/vector/Documents/abdullah_workspace/PCB_Defect_Dectection/pcb_vs_pcba_dataset/train/pcba/roboflow_pcba_XLVDSproSupply_Bottom1_jpg.rf.5a27dc9fc451c1ff6af742cedaa1002d_116.jpg
train,pcba,roboflow_pcba,/home/vector/Documents/abdullah_workspace/PCB_Defect_Dectection/pcb_vs_pcba_dataset/train/pcba/roboflow_pcba_pcb95rec1_jpg.rf.2a4126ab055b6a478eccbb9cbc2b2b35_117.jpg
train,pcba,roboflow_pcba,/home/vector/Documents/abdullah_workspace/PCB_Defect_Dectection/pcb_vs_pcba_dataset/train/pcba/roboflow_pcba_pcb_6b_cc_8_png.rf.9ce771bf41774b0f9c81d0f49e0251cc_118.jpg
train,pcba,roboflow_pcba,/home/vector/Documents/abdullah_workspace/PCB_Defect_Dectection/pcb_vs_pcba_dataset/train/pcba/roboflow_pcba_pcb37rec1_jpg.rf.2de6a9d699ec464552cc3a00d9761144_119.jpg
train,pcba,roboflow_pcba,/home/vector/Documents/abdullah_workspace/PCB_Defect_Dectection/pcb_vs_pcba_dataset/train/pcba/roboflow_pcba_pcb43rec1_jpg.rf.9fd3905b1488b06fe3aac1f02ea71586_120.jpg
train,pcba,roboflow_pcba,/home/vector/Documents/abdullah_workspace/PCB_Defect_Dectection/pcb_vs_pcba_dataset/train/pcba/roboflow_pcba_pcb134rec1_jpg.rf.f031c8e044718017914feedc5bc0fe58_121.jpg
train,pcba,roboflow_pcba,/home/vector/Documents/abdullah_workspace/PCB_Defect_Dectection/pcb_vs_pcba_dataset/train/pcba/roboflow_pcba_pcb150rec1_jpg.rf.df67b73d4f8ed30187865895ba182616_122.jpg
train,pcba,roboflow_pcba,/home/vector/Documents/abdullah_workspace/PCB_Defect_Dectection/pcb_vs_pcba_dataset/train/pcba/roboflow_pcba_ATTIOT_Bottom_jpg.rf.b3e11dea590ae3a16436315a79344c94_123.jpg
train,pcba,roboflow_pcba,/home/vector/Documents/abdullah_workspace/PCB_Defect_Dectection/pcb_vs_pcba_dataset/train/pcba/roboflow_pcba_pcb51rec1_jpg.rf.ebaefe17fb7b7912c284705522f05d83_124.jpg
train,pcba,roboflow_pcba,/home/vector/Documents/abdullah_workspace/PCB_Defect_Dectection/pcb_vs_pcba_dataset/train/pcba/roboflow_pcba_ArduinoMega_Bottom_png_jpg.rf.b38ce27b44f44b1b6681472c483b9d05_125.jpg
train,pcba,roboflow_pcba,/home/vector/Documents/abdullah_workspace/PCB_Defect_Dectection/pcb_vs_pcba_dataset/train/pcba/roboflow_pcba_pcb141rec1_jpg.rf.64f3e2261d251d0e8e7c52c6b6600466_126.jpg
train,pcba,roboflow_pcba,/home/vector/Documents/abdullah_workspace/PCB_Defect_Dectection/pcb_vs_pcba_dataset/train/pcba/roboflow_pcba_pcb36rec1_jpg.rf.bf7e6c651e071e38728b90c672f75bcc_127.jpg
train,pcba,roboflow_pcba,/home/vector/Documents/abdullah_workspace/PCB_Defect_Dectection/pcb_vs_pcba_dataset/train/pcba/roboflow_pcba_pcb17rec1_jpg.rf.3ff07e644154d2a57d92ec561eef4de1_128.jpg
train,pcba,roboflow_pcba,/home/vector/Documents/abdullah_workspace/PCB_Defect_Dectection/pcb_vs_pcba_dataset/train/pcba/roboflow_pcba_pcb56rec1_jpg.rf.0fba243cd3e5d12260ef4a8d6f91599f_129.jpg
train,pcba,roboflow_pcba,/home/vector/Documents/abdullah_workspace/PCB_Defect_Dectection/pcb_vs_pcba_dataset/train/pcba/roboflow_pcba_pcb106rec1_jpg.rf.249bb77d2dce5cb0abc7d4ad4188ca34_130.jpg
train,pcba,roboflow_pcba,/home/vector/Documents/abdullah_workspace/PCB_Defect_Dectection/pcb_vs_pcba_dataset/train/pcba/roboflow_pcba_ZTurn_jpg.rf.febf9994a3894a534db3cf001aefc992_131.jpg
train,pcba,roboflow_pcba,/home/vector/Documents/abdullah_workspace/PCB_Defect_Dectection/pcb_vs_pcba_dataset/train/pcba/roboflow_pcba_pcb76rec1_jpg.rf.f393a92c421e9106011851b790a6e9db_132.jpg
train,pcba,roboflow_pcba,/home/vector/Documents/abdullah_workspace/PCB_Defect_Dectection/pcb_vs_pcba_dataset/train/pcba/roboflow_pcba_pcb4rec1_jpg.rf.53a344178cd48e71883d002b1c1a825d_133.jpg
train,pcba,roboflow_pcba,/home/vector/Documents/abdullah_workspace/PCB_Defect_Dectection/pcb_vs_pcba_dataset/train/pcba/roboflow_pcba_pcb163rec1_jpg.rf.741a04d4582b4a386df6a77985362324_134.jpg
train,pcba,roboflow_pcba,/home/vector/Documents/abdullah_workspace/PCB_Defect_Dectection/pcb_vs_pcba_dataset/train/pcba/roboflow_pcba_ArduinoMega_Top_jpg.rf.3964cbbe72a02bfd39645ee49b2b80bd_135.jpg
train,pcba,roboflow_pcba,/home/vector/Documents/abdullah_workspace/PCB_Defect_Dectection/pcb_vs_pcba_dataset/train/pcba/roboflow_pcba_pcb22rec1_jpg.rf.564254707d0770d2000ffb48e716d467_136.jpg
train,pcba,roboflow_pcba,/home/vector/Documents/abdullah_workspace/PCB_Defect_Dectection/pcb_vs_pcba_dataset/train/pcba/roboflow_pcba_pcb158rec1_jpg.rf.c80dad9979ec8cd8d433f0a83b32dffb_137.jpg
train,pcba,roboflow_pcba,/home/vector/Documents/abdullah_workspace/PCB_Defect_Dectection/pcb_vs_pcba_dataset/train/pcba/roboflow_pcba_pcb148rec1_jpg.rf.b76222cee15507b358770d6eea272b9a_138.jpg
train,pcba,roboflow_pcba,/home/vector/Documents/abdullah_workspace/PCB_Defect_Dectection/pcb_vs_pcba_dataset/train/pcba/roboflow_pcba_pcb92rec1_jpg.rf.4439d7a126ee4ee382c89691134c592a_139.jpg
train,pcba,roboflow_pcba,/home/vector/Documents/abdullah_workspace/PCB_Defect_Dectection/pcb_vs_pcba_dataset/train/pcba/roboflow_pcba_pcb142rec1_jpg.rf.d3a186f291c5883b3a0d8d4085b3ab46_140.jpg
train,pcba,roboflow_pcba,/home/vector/Documents/abdullah_workspace/PCB_Defect_Dectection/pcb_vs_pcba_dataset/train/pcba/roboflow_pcba_pcb138rec1_jpg.rf.a9c02499d7652130c3cfb06f1af16ff7_141.jpg
train,pcba,roboflow_pcba,/home/vector/Documents/abdullah_workspace/PCB_Defect_Dectection/pcb_vs_pcba_dataset/train/pcba/roboflow_pcba_pcb100rec1_jpg.rf.16fe3b10d8c66a0f509cc14d68a4c913_142.jpg
train,pcba,roboflow_pcba,/home/vector/Documents/abdullah_workspace/PCB_Defect_Dectection/pcb_vs_pcba_dataset/train/pcba/roboflow_pcba_pcb16rec1_jpg.rf.c8dc776f9a7c0179f2d3be7ac9b1d67d_143.jpg
train,pcba,roboflow_pcba,/home/vector/Documents/abdullah_workspace/PCB_Defect_Dectection/pcb_vs_pcba_dataset/train/pcba/roboflow_pcba_pcb53rec1_jpg.rf.9940293ead6d21fff8081aec7dcba82f_144.jpg
train,pcba,roboflow_pcba,/home/vector/Documents/abdullah_workspace/PCB_Defect_Dectection/pcb_vs_pcba_dataset/train/pcba/roboflow_pcba_pcb151rec1_jpg.rf.2bfba90cfcad4f0d9bc34d25817fc8fd_145.jpg
train,pcba,roboflow_pcba,/home/vector/Documents/abdullah_workspace/PCB_Defect_Dectection/pcb_vs_pcba_dataset/train/pcba/roboflow_pcba_pcb81rec1_jpg.rf.a394daa1a971348be83e210c4e760d4e_146.jpg
train,pcba,roboflow_pcba,/home/vector/Documents/abdullah_workspace/PCB_Defect_Dectection/pcb_vs_pcba_dataset/train/pcba/roboflow_pcba_ML365_Top_jpg.rf.74e1bdaf497ae351d0514e731a5ee48b_147.jpg
train,pcba,roboflow_pcba,/home/vector/Documents/abdullah_workspace/PCB_Defect_Dectection/pcb_vs_pcba_dataset/train/pcba/roboflow_pcba_pcb29rec1_jpg.rf.726e10d5a58babae5d1316e906c0de44_148.jpg
train,pcba,roboflow_pcba,/home/vector/Documents/abdullah_workspace/PCB_Defect_Dectection/pcb_vs_pcba_dataset/train/pcba/roboflow_pcba_pcb51rec1_jpg.rf.cadda85edb7d4bc5bdf727ab84e9514a_149.jpg
train,pcba,roboflow_pcba,/home/vector/Documents/abdullah_workspace/PCB_Defect_Dectection/pcb_vs_pcba_dataset/train/pcba/roboflow_pcba_pcb99rec1_jpg.rf.d4cfcd41b9f6da79739018619cf13e63_150.jpg
train,pcba,roboflow_pcba,/home/vector/Documents/abdullah_workspace/PCB_Defect_Dectection/pcb_vs_pcba_dataset/train/pcba/roboflow_pcba_Virtex5_jpg.rf.a8348c538e2d9669ce13993a8223e225_151.jpg
train,pcba,roboflow_pcba,/home/vector/Documents/abdullah_workspace/PCB_Defect_Dectection/pcb_vs_pcba_dataset/train/pcba/roboflow_pcba_pcb127rec1_jpg.rf.49f4a1236120264c47a301a30a25f481_152.jpg
train,pcba,roboflow_pcba,/home/vector/Documents/abdullah_workspace/PCB_Defect_Dectection/pcb_vs_pcba_dataset/train/pcba/roboflow_pcba_ArduinoMega_Bottom_png_jpg.rf.2c144d35a350508687d9d34582d62189_153.jpg
train,pcba,roboflow_pcba,/home/vector/Documents/abdullah_workspace/PCB_Defect_Dectection/pcb_vs_pcba_dataset/train/pcba/roboflow_pcba_pcb105rec1_jpg.rf.f89192a6db3b617b67d5eb4476e0b1b1_154.jpg
train,pcba,roboflow_pcba,/home/vector/Documents/abdullah_workspace/PCB_Defect_Dectection/pcb_vs_pcba_dataset/train/pcba/roboflow_pcba_pcb127rec1_jpg.rf.45d896797dc0c0f61925adccf8401067_155.jpg
train,pcba,roboflow_pcba,/home/vector/Documents/abdullah_workspace/PCB_Defect_Dectection/pcb_vs_pcba_dataset/train/pcba/roboflow_pcba_pcb135rec1_jpg.rf.06c4a3db50d7cfaafc75b18e9df67e54_156.jpg
train,pcba,roboflow_pcba,/home/vector/Documents/abdullah_workspace/PCB_Defect_Dectection/pcb_vs_pcba_dataset/train/pcba/roboflow_pcba_pcb30rec1_jpg.rf.02baffdda96dfb36a119c05ea7722c5f_157.jpg
train,pcba,roboflow_pcba,/home/vector/Documents/abdullah_workspace/PCB_Defect_Dectection/pcb_vs_pcba_dataset/train/pcba/roboflow_pcba_pcb156rec1_jpg.rf.dd07a5628968237a8ae4ab5d775d9a6c_158.jpg
train,pcba,roboflow_pcba,/home/vector/Documents/abdullah_workspace/PCB_Defect_Dectection/pcb_vs_pcba_dataset/train/pcba/roboflow_pcba_ThingMagicM6e_jpg.rf.62e615947f24f216003e05ac607d6463_159.jpg
train,pcba,roboflow_pcba,/home/vector/Documents/abdullah_workspace/PCB_Defect_Dectection/pcb_vs_pcba_dataset/train/pcba/roboflow_pcba_pcb2rec1_jpg.rf.242cf0c97dc6cc82d10baa301c636e3b_160.jpg
train,pcba,roboflow_pcba,/home/vector/Documents/abdullah_workspace/PCB_Defect_Dectection/pcb_vs_pcba_dataset/train/pcba/roboflow_pcba_pcb39rec1_jpg.rf.cf27f5d257ea38d0b5546915d60e1f2c_161.jpg
train,pcba,roboflow_pcba,/home/vector/Documents/abdullah_workspace/PCB_Defect_Dectection/pcb_vs_pcba_dataset/train/pcba/roboflow_pcba_pcb16rec1_jpg.rf.b9d1f61d7a4cc2f459894df777514a74_162.jpg
train,pcba,roboflow_pcba,/home/vector/Documents/abdullah_workspace/PCB_Defect_Dectection/pcb_vs_pcba_dataset/train/pcba/roboflow_pcba_pcb162rec1_jpg.rf.6efd55602aa3ae126d6ce9dc316aaf60_163.jpg
train,pcba,roboflow_pcba,/home/vector/Documents/abdullah_workspace/PCB_Defect_Dectection/pcb_vs_pcba_dataset/train/pcba/roboflow_pcba_pcb51rec1_jpg.rf.29a157663a4982d041213a617c11e554_164.jpg
train,pcba,roboflow_pcba,/home/vector/Documents/abdullah_workspace/PCB_Defect_Dectection/pcb_vs_pcba_dataset/train/pcba/roboflow_pcba_Spartan6_Top_jpg.rf.5670a9ee8745da53fdf92dac3276514a_165.jpg
train,pcba,roboflow_pcba,/home/vector/Documents/abdullah_workspace/PCB_Defect_Dectection/pcb_vs_pcba_dataset/train/pcba/roboflow_pcba_pcb_49b_cc_31_png.rf.faf00d53d3d21d5ac338c324720a8c7d_166.jpg
train,pcba,roboflow_pcba,/home/vector/Documents/abdullah_workspace/PCB_Defect_Dectection/pcb_vs_pcba_dataset/train/pcba/roboflow_pcba_pcb19rec1_jpg.rf.1d20272c1cfe751b2b0ce29b7f5d33e9_167.jpg
train,pcba,roboflow_pcba,/home/vector/Documents/abdullah_workspace/PCB_Defect_Dectection/pcb_vs_pcba_dataset/train/pcba/roboflow_pcba_pcb6rec1_jpg.rf.313258a74024cef28ed032c1a89fa1c9_168.jpg
train,pcba,roboflow_pcba,/home/vector/Documents/abdullah_workspace/PCB_Defect_Dectection/pcb_vs_pcba_dataset/train/pcba/roboflow_pcba_pcb88rec1_jpg.rf.1ff55b86ff05274d15d991bfd116e5b0_169.jpg
train,pcba,roboflow_pcba,/home/vector/Documents/abdullah_workspace/PCB_Defect_Dectection/pcb_vs_pcba_dataset/train/pcba/roboflow_pcba_pcb147rec1_jpg.rf.de6ba7b55a8483a19785b5f15ec941ac_170.jpg
train,pcba,roboflow_pcba,/home/vector/Documents/abdullah_workspace/PCB_Defect_Dectection/pcb_vs_pcba_dataset/train/pcba/roboflow_pcba_pcb56rec1_jpg.rf.c1f80ebcae433a01a4b3865bb8828dbb_171.jpg
train,pcba,roboflow_pcba,/home/vector/Documents/abdullah_workspace/PCB_Defect_Dectection/pcb_vs_pcba_dataset/train/pcba/roboflow_pcba_pcb136rec1_jpg.rf.99b8187f6ee41337dfcf85c1d554c94b_172.jpg
train,pcba,roboflow_pcba,/home/vector/Documents/abdullah_workspace/PCB_Defect_Dectection/pcb_vs_pcba_dataset/train/pcba/roboflow_pcba_pcb52rec1_jpg.rf.f8af18a1f5d2bd28cfa8b4570ccaf24f_173.jpg
train,pcba,roboflow_pcba,/home/vector/Documents/abdullah_workspace/PCB_Defect_Dectection/pcb_vs_pcba_dataset/train/pcba/roboflow_pcba_pcb133rec1_jpg.rf.2f5eadd7147ea90d1bbb8edac60abe19_174.jpg
train,pcba,roboflow_pcba,/home/vector/Documents/abdullah_workspace/PCB_Defect_Dectection/pcb_vs_pcba_dataset/train/pcba/roboflow_pcba_pcb_8b_cc_5_png.rf.2246388f2b2509e07e1dd2ba763277bf_175.jpg
train,pcba,roboflow_pcba,/home/vector/Documents/abdullah_workspace/PCB_Defect_Dectection/pcb_vs_pcba_dataset/train/pcba/roboflow_pcba_pcb100rec1_jpg.rf.8ed0857597bbd65b82efcd135d06cb42_176.jpg
train,pcba,roboflow_pcba,/home/vector/Documents/abdullah_workspace/PCB_Defect_Dectection/pcb_vs_pcba_dataset/train/pcba/roboflow_pcba_Spartan6_Bottom_jpg.rf.622335f6cbb4f05acddbd73559c8e9c9_177.jpg
train,pcba,roboflow_pcba,/home/vector/Documents/abdullah_workspace/PCB_Defect_Dectection/pcb_vs_pcba_dataset/train/pcba/roboflow_pcba_ML365_Top_jpg.rf.c34d0a64e9fb28f89a4ed771118db740_178.jpg
train,pcba,roboflow_pcba,/home/vector/Documents/abdullah_workspace/PCB_Defect_Dectection/pcb_vs_pcba_dataset/train/pcba/roboflow_pcba_pcb57rec1_jpg.rf.ff8332313bdf3ced46a2c716d9dbe94e_179.jpg
train,pcba,roboflow_pcba,/home/vector/Documents/abdullah_workspace/PCB_Defect_Dectection/pcb_vs_pcba_dataset/train/pcba/roboflow_pcba_pcb134rec1_jpg.rf.b5ae1d46304d81cd1a1bc7f728ce334f_180.jpg
train,pcba,roboflow_pcba,/home/vector/Documents/abdullah_workspace/PCB_Defect_Dectection/pcb_vs_pcba_dataset/train/pcba/roboflow_pcba_pcb71rec1_jpg.rf.ae1dcbbdd749874764545e7185129e68_181.jpg
train,pcba,roboflow_pcba,/home/vector/Documents/abdullah_workspace/PCB_Defect_Dectection/pcb_vs_pcba_dataset/train/pcba/roboflow_pcba_pcb129rec1_jpg.rf.ddb81a0a7726615f21f6739cf2c053ff_182.jpg
train,pcba,roboflow_pcba,/home/vector/Documents/abdullah_workspace/PCB_Defect_Dectection/pcb_vs_pcba_dataset/train/pcba/roboflow_pcba_pcb159rec1_jpg.rf.d4cf38152f3f179773d4a80b10550526_183.jpg
train,pcba,roboflow_pcba,/home/vector/Documents/abdullah_workspace/PCB_Defect_Dectection/pcb_vs_pcba_dataset/train/pcba/roboflow_pcba_pcb_1f_cc_7_png.rf.e4d7696118d54ee6c0609eccf175d659_184.jpg
train,pcba,roboflow_pcba,/home/vector/Documents/abdullah_workspace/PCB_Defect_Dectection/pcb_vs_pcba_dataset/train/pcba/roboflow_pcba_pcb126rec1_jpg.rf.0f51406bf476c45c7a0f870279aca048_185.jpg
train,pcba,roboflow_pcba,/home/vector/Documents/abdullah_workspace/PCB_Defect_Dectection/pcb_vs_pcba_dataset/train/pcba/roboflow_pcba_SystemAce_Top_jpg.rf.7eb8a27bafdaf20fc9ee7b325dd1f52a_186.jpg
train,pcba,roboflow_pcba,/home/vector/Documents/abdullah_workspace/PCB_Defect_Dectection/pcb_vs_pcba_dataset/train/pcba/roboflow_pcba_pcb70rec1_jpg.rf.1cc8f1a2e5efc25c6510860bc3f16a0d_187.jpg
train,pcba,roboflow_pcba,/home/vector/Documents/abdullah_workspace/PCB_Defect_Dectection/pcb_vs_pcba_dataset/train/pcba/roboflow_pcba_pcb_3f_cc_4_png.rf.b26fb4659aecdfede6b32b249cc38ffa_188.jpg
train,pcba,roboflow_pcba,/home/vector/Documents/abdullah_workspace/PCB_Defect_Dectection/pcb_vs_pcba_dataset/train/pcba/roboflow_pcba_pcb11rec1_jpg.rf.2ac4ea5f08b786f82de6d5073d141e62_189.jpg
train,pcba,roboflow_pcba,/home/vector/Documents/abdullah_workspace/PCB_Defect_Dectection/pcb_vs_pcba_dataset/train/pcba/roboflow_pcba_Spartan3_jpg.rf.94fc3e00b71316d1e7727b8bc7e66a4f_190.jpg
train,pcba,roboflow_pcba,/home/vector/Documents/abdullah_workspace/PCB_Defect_Dectection/pcb_vs_pcba_dataset/train/pcba/roboflow_pcba_pcb72rec1_jpg.rf.a36db0cbdbeb148285187215aa44a6d7_191.jpg
train,pcba,roboflow_pcba,/home/vector/Documents/abdullah_workspace/PCB_Defect_Dectection/pcb_vs_pcba_dataset/train/pcba/roboflow_pcba_EDA-008_Bottom_jpg.rf.79c17f7bea4f40f39d51d81805e41293_192.jpg
train,pcba,roboflow_pcba,/home/vector/Documents/abdullah_workspace/PCB_Defect_Dectection/pcb_vs_pcba_dataset/train/pcba/roboflow_pcba_pcb128rec1_jpg.rf.a3ca6f22b08a518280d03e0a42890ec7_193.jpg
train,pcba,roboflow_pcba,/home/vector/Documents/abdullah_workspace/PCB_Defect_Dectection/pcb_vs_pcba_dataset/train/pcba/roboflow_pcba_pcb63rec1_jpg.rf.a7a0fdc379070e436ef380c6ee3413f8_194.jpg
train,pcba,roboflow_pcba,/home/vector/Documents/abdullah_workspace/PCB_Defect_Dectection/pcb_vs_pcba_dataset/train/pcba/roboflow_pcba_pcb21rec1_jpg.rf.a5cee9f864ccb4a835ce8c302cec3428_195.jpg
train,pcba,roboflow_pcba,/home/vector/Documents/abdullah_workspace/PCB_Defect_Dectection/pcb_vs_pcba_dataset/train/pcba/roboflow_pcba_ArduinoMega_Bottom_jpg.rf.93fe1afc2ddee6f85d41c0714c94f92a_196.jpg
train,pcba,roboflow_pcba,/home/vector/Documents/abdullah_workspace/PCB_Defect_Dectection/pcb_vs_pcba_dataset/train/pcba/roboflow_pcba_XLVDSproSupply_Top1_jpg.rf.7c470339df3ee115535947ba2a2aee94_197.jpg
train,pcba,roboflow_pcba,/home/vector/Documents/abdullah_workspace/PCB_Defect_Dectection/pcb_vs_pcba_dataset/train/pcba/roboflow_pcba_pcb91rec1_jpg.rf.7a75b4a1fef9d562a6abdd05adbbf49a_198.jpg
train,pcba,roboflow_pcba,/home/vector/Documents/abdullah_workspace/PCB_Defect_Dectection/pcb_vs_pcba_dataset/train/pcba/roboflow_pcba_ATTIOT_Top_JPG_jpg.rf.f9117613376bbd75efda64ed06975d4e_199.jpg
train,pcba,roboflow_pcba,/home/vector/Documents/abdullah_workspace/PCB_Defect_Dectection/pcb_vs_pcba_dataset/train/pcba/roboflow_pcba_pcb80rec1_jpg.rf.6ced4feee090410de323cfe58e8fe97a_200.jpg
train,pcba,roboflow_pcba,/home/vector/Documents/abdullah_workspace/PCB_Defect_Dectection/pcb_vs_pcba_dataset/train/pcba/roboflow_pcba_pcb146rec1_jpg.rf.9efe48785ca5ef075a6e3a302adcc0af_201.jpg
train,pcba,roboflow_pcba,/home/vector/Documents/abdullah_workspace/PCB_Defect_Dectection/pcb_vs_pcba_dataset/train/pcba/roboflow_pcba_pcb15rec1_jpg.rf.cd1971ef237331277d6a954d6036d334_202.jpg
train,pcba,roboflow_pcba,/home/vector/Documents/abdullah_workspace/PCB_Defect_Dectection/pcb_vs_pcba_dataset/train/pcba/roboflow_pcba_pcb153rec1_jpg.rf.5c43e08ced2591e669bbc1d6863ba99a_203.jpg
train,pcba,roboflow_pcba,/home/vector/Documents/abdullah_workspace/PCB_Defect_Dectection/pcb_vs_pcba_dataset/train/pcba/roboflow_pcba_pcb148rec1_jpg.rf.ae968bdb7fae3c968292fccd6dc5f691_204.jpg
train,pcba,roboflow_pcba,/home/vector/Documents/abdullah_workspace/PCB_Defect_Dectection/pcb_vs_pcba_dataset/train/pcba/roboflow_pcba_Virtex5_jpg.rf.7cfe03677c46e241cc96c21c615aa988_205.jpg
train,pcba,roboflow_pcba,/home/vector/Documents/abdullah_workspace/PCB_Defect_Dectection/pcb_vs_pcba_dataset/train/pcba/roboflow_pcba_pcb100rec1_jpg.rf.8694220868a2f093f74097c6ca6354e3_206.jpg
val,pcba,roboflow_pcba,/home/vector/Documents/abdullah_workspace/PCB_Defect_Dectection/pcb_vs_pcba_dataset/val/pcba/roboflow_pcba_ThingMagicM6e_jpg.rf.516b841094d32ababd0a54f194853f68_0.jpg
val,pcba,roboflow_pcba,/home/vector/Documents/abdullah_workspace/PCB_Defect_Dectection/pcb_vs_pcba_dataset/val/pcba/roboflow_pcba_pcb68rec1_jpg.rf.0f0565f580d72ac96fd94dae15c22dd8_1.jpg
val,pcba,roboflow_pcba,/home/vector/Documents/abdullah_workspace/PCB_Defect_Dectection/pcb_vs_pcba_dataset/val/pcba/roboflow_pcba_pcb158rec1_jpg.rf.ae14eb256c47022be9abb75a37f61a31_2.jpg
val,pcba,roboflow_pcba,/home/vector/Documents/abdullah_workspace/PCB_Defect_Dectection/pcb_vs_pcba_dataset/val/pcba/roboflow_pcba_ML450_Bottom2_jpg.rf.1b9e59b007f94b728e3f55e72419af57_3.jpg
val,pcba,roboflow_pcba,/home/vector/Documents/abdullah_workspace/PCB_Defect_Dectection/pcb_vs_pcba_dataset/val/pcba/roboflow_pcba_pcb_90f_cc_34_png.rf.cbe0d0263958cf6c9f433aa0e39dee1d_4.jpg
val,pcba,roboflow_pcba,/home/vector/Documents/abdullah_workspace/PCB_Defect_Dectection/pcb_vs_pcba_dataset/val/pcba/roboflow_pcba_pcb107rec1_jpg.rf.27008491cce20a55f02a1fe6032b284c_5.jpg
val,pcba,roboflow_pcba,/home/vector/Documents/abdullah_workspace/PCB_Defect_Dectection/pcb_vs_pcba_dataset/val/pcba/roboflow_pcba_pcb143rec1_jpg.rf.819ef72d1b34517c12487b40b315b247_6.jpg
val,pcba,roboflow_pcba,/home/vector/Documents/abdullah_workspace/PCB_Defect_Dectection/pcb_vs_pcba_dataset/val/pcba/roboflow_pcba_pcb19rec1_jpg.rf.e25eb04b88613a640d6152f3637aee51_7.jpg
val,pcba,roboflow_pcba,/home/vector/Documents/abdullah_workspace/PCB_Defect_Dectection/pcb_vs_pcba_dataset/val/pcba/roboflow_pcba_pcb158rec1_jpg.rf.376a436bbccb687ef4e5cb6a6541e038_8.jpg
val,pcba,roboflow_pcba,/home/vector/Documents/abdullah_workspace/PCB_Defect_Dectection/pcb_vs_pcba_dataset/val/pcba/roboflow_pcba_pcb17rec1_jpg.rf.ddf27af797bf98de70aefe931e810d4c_9.jpg
val,pcba,roboflow_pcba,/home/vector/Documents/abdullah_workspace/PCB_Defect_Dectection/pcb_vs_pcba_dataset/val/pcba/roboflow_pcba_pcb_7f_cc_6_png.rf.dc901c73c09b4ce7b62b11f0a1927c1b_10.jpg
val,pcba,roboflow_pcba,/home/vector/Documents/abdullah_workspace/PCB_Defect_Dectection/pcb_vs_pcba_dataset/val/pcba/roboflow_pcba_DuetWIFI_Top_jpg.rf.d6b53187f4dd091d94e05abf2ddabbf9_11.jpg
val,pcba,roboflow_pcba,/home/vector/Documents/abdullah_workspace/PCB_Defect_Dectection/pcb_vs_pcba_dataset/val/pcba/roboflow_pcba_pcb21rec1_jpg.rf.9097d014be028ce1bb19ad8a333cc041_12.jpg
val,pcba,roboflow_pcba,/home/vector/Documents/abdullah_workspace/PCB_Defect_Dectection/pcb_vs_pcba_dataset/val/pcba/roboflow_pcba_ATTIOT_Bottom_jpg.rf.d56926fa8cf789c810a66989c56ca37b_13.jpg
val,pcba,roboflow_pcba,/home/vector/Documents/abdullah_workspace/PCB_Defect_Dectection/pcb_vs_pcba_dataset/val/pcba/roboflow_pcba_pcb151rec1_jpg.rf.d86ae2f87dc28a010ec42cc5665a2bc7_14.jpg
val,pcba,roboflow_pcba,/home/vector/Documents/abdullah_workspace/PCB_Defect_Dectection/pcb_vs_pcba_dataset/val/pcba/roboflow_pcba_pcb157rec1_jpg.rf.510020c8767122f9aca3a6eb50e8cf71_15.jpg
val,pcba,roboflow_pcba,/home/vector/Documents/abdullah_workspace/PCB_Defect_Dectection/pcb_vs_pcba_dataset/val/pcba/roboflow_pcba_pcb151rec1_jpg.rf.819165c5c2c0ac0a4beca9829cac20d9_16.jpg
val,pcba,roboflow_pcba,/home/vector/Documents/abdullah_workspace/PCB_Defect_Dectection/pcb_vs_pcba_dataset/val/pcba/roboflow_pcba_pcb51rec1_jpg.rf.38ca34556986ad663857739f58c5f675_17.jpg
val,pcba,roboflow_pcba,/home/vector/Documents/abdullah_workspace/PCB_Defect_Dectection/pcb_vs_pcba_dataset/val/pcba/roboflow_pcba_HackRF_JPG_jpg.rf.1b8ce0a7e7e386963188867464fc41b1_18.jpg
val,pcba,roboflow_pcba,/home/vector/Documents/abdullah_workspace/PCB_Defect_Dectection/pcb_vs_pcba_dataset/val/pcba/roboflow_pcba_DigitalDiscovery_jpg.rf.b0867f8acab5e0d458dc4d6e32123023_19.jpg
val,pcba,roboflow_pcba,/home/vector/Documents/abdullah_workspace/PCB_Defect_Dectection/pcb_vs_pcba_dataset/val/pcba/roboflow_pcba_pcb_1f_cc_6_png.rf.d4ac01eb994db306db1e16a70b492604_20.jpg
val,pcba,roboflow_pcba,/home/vector/Documents/abdullah_workspace/PCB_Defect_Dectection/pcb_vs_pcba_dataset/val/pcba/roboflow_pcba_pcb120rec1_jpg.rf.3e2d08aeaf5dfde51f7cbd79ca22d3b3_21.jpg
val,pcba,roboflow_pcba,/home/vector/Documents/abdullah_workspace/PCB_Defect_Dectection/pcb_vs_pcba_dataset/val/pcba/roboflow_pcba_pcb76rec1_jpg.rf.a93409701e8bb7c857d27451abde922e_22.jpg
val,pcba,roboflow_pcba,/home/vector/Documents/abdullah_workspace/PCB_Defect_Dectection/pcb_vs_pcba_dataset/val/pcba/roboflow_pcba_pcb142rec1_jpg.rf.a9b093b7b60fae3360520f7e85de11dc_23.jpg
val,pcba,roboflow_pcba,/home/vector/Documents/abdullah_workspace/PCB_Defect_Dectection/pcb_vs_pcba_dataset/val/pcba/roboflow_pcba_pcb52rec1_jpg.rf.59b7d19311ba15533269f75a2d265840_24.jpg
val,pcba,roboflow_pcba,/home/vector/Documents/abdullah_workspace/PCB_Defect_Dectection/pcb_vs_pcba_dataset/val/pcba/roboflow_pcba_pcb126rec1_jpg.rf.3d2fd8ec29d04a3908c95cc1f8f72143_25.jpg
val,pcba,roboflow_pcba,/home/vector/Documents/abdullah_workspace/PCB_Defect_Dectection/pcb_vs_pcba_dataset/val/pcba/roboflow_pcba_pcb146rec1_jpg.rf.a996fd6786862741679c38220a99ebb6_26.jpg
val,pcba,roboflow_pcba,/home/vector/Documents/abdullah_workspace/PCB_Defect_Dectection/pcb_vs_pcba_dataset/val/pcba/roboflow_pcba_pcb7rec1_jpg.rf.b6f1729d489b41534216db145a7c393b_27.jpg
val,pcba,roboflow_pcba,/home/vector/Documents/abdullah_workspace/PCB_Defect_Dectection/pcb_vs_pcba_dataset/val/pcba/roboflow_pcba_pcb_34f_cc_11_png.rf.7d9a1b0a42629b8669c2dfa216a290ad_28.jpg
val,pcba,roboflow_pcba,/home/vector/Documents/abdullah_workspace/PCB_Defect_Dectection/pcb_vs_pcba_dataset/val/pcba/roboflow_pcba_ArduinoMega_Top_jpg.rf.0761e58944d308f7f1e894ad217938be_29.jpg
val,pcba,roboflow_pcba,/home/vector/Documents/abdullah_workspace/PCB_Defect_Dectection/pcb_vs_pcba_dataset/val/pcba/roboflow_pcba_pcb76rec1_jpg.rf.0fc4b16cc310f6d2b73e6cfcbda51cb9_30.jpg
val,pcba,roboflow_pcba,/home/vector/Documents/abdullah_workspace/PCB_Defect_Dectection/pcb_vs_pcba_dataset/val/pcba/roboflow_pcba_HackRF_JPG_jpg.rf.8cc39e3c30a24c6e324be7e01fc1df97_31.jpg
val,pcba,roboflow_pcba,/home/vector/Documents/abdullah_workspace/PCB_Defect_Dectection/pcb_vs_pcba_dataset/val/pcba/roboflow_pcba_pcb129rec1_jpg.rf.162776f079e8b251c9ec93666e3bd297_32.jpg
val,pcba,roboflow_pcba,/home/vector/Documents/abdullah_workspace/PCB_Defect_Dectection/pcb_vs_pcba_dataset/val/pcba/roboflow_pcba_EDA-008_Bottom_jpg.rf.eef0feec59b63e32be0229800aeb4aeb_33.jpg
val,pcba,roboflow_pcba,/home/vector/Documents/abdullah_workspace/PCB_Defect_Dectection/pcb_vs_pcba_dataset/val/pcba/roboflow_pcba_pcb104rec1_jpg.rf.447bed65223f70cd9878f863d320e803_34.jpg
val,pcba,roboflow_pcba,/home/vector/Documents/abdullah_workspace/PCB_Defect_Dectection/pcb_vs_pcba_dataset/val/pcba/roboflow_pcba_pcb85rec1_jpg.rf.c4cb39d8f7303688bd166bd1e1b57503_35.jpg
val,pcba,roboflow_pcba,/home/vector/Documents/abdullah_workspace/PCB_Defect_Dectection/pcb_vs_pcba_dataset/val/pcba/roboflow_pcba_ACM-109_Top_jpg.rf.0e7549c0b889b0d569b568c68c7a6817_36.jpg
val,pcba,roboflow_pcba,/home/vector/Documents/abdullah_workspace/PCB_Defect_Dectection/pcb_vs_pcba_dataset/val/pcba/roboflow_pcba_pcb_28f_cc_11_png.rf.ccc8f3bf3c3396ac081ec59f235f8f07_37.jpg
val,pcba,roboflow_pcba,/home/vector/Documents/abdullah_workspace/PCB_Defect_Dectection/pcb_vs_pcba_dataset/val/pcba/roboflow_pcba_pcb68rec1_jpg.rf.d195bddb083de30034d895f8079de046_38.jpg
val,pcba,roboflow_pcba,/home/vector/Documents/abdullah_workspace/PCB_Defect_Dectection/pcb_vs_pcba_dataset/val/pcba/roboflow_pcba_pcb_2f_cc_8_png.rf.5ac20ad260f074a3e793bd362e51df9d_39.jpg
val,pcba,roboflow_pcba,/home/vector/Documents/abdullah_workspace/PCB_Defect_Dectection/pcb_vs_pcba_dataset/val/pcba/roboflow_pcba_HackRF_JPG_jpg.rf.23da34ce7d885a831bd7cbb35e213233_40.jpg
val,pcba,roboflow_pcba,/home/vector/Documents/abdullah_workspace/PCB_Defect_Dectection/pcb_vs_pcba_dataset/val/pcba/roboflow_pcba_pcb40rec1_jpg.rf.e467beaeffd5d3b36b24aedf87a19d09_41.jpg
val,pcba,roboflow_pcba,/home/vector/Documents/abdullah_workspace/PCB_Defect_Dectection/pcb_vs_pcba_dataset/val/pcba/roboflow_pcba_XLVDSproSupply_Top1_jpg.rf.6c3a3e8ae56afea38f349bc44850f8cd_42.jpg
val,pcba,roboflow_pcba,/home/vector/Documents/abdullah_workspace/PCB_Defect_Dectection/pcb_vs_pcba_dataset/val/pcba/roboflow_pcba_pcb29rec1_jpg.rf.15526c43092393ac14282e4b37445c80_43.jpg
test,pcba,roboflow_pcba,/home/vector/Documents/abdullah_workspace/PCB_Defect_Dectection/pcb_vs_pcba_dataset/test/pcba/roboflow_pcba_pcb68rec1_jpg.rf.487874e0b63ac0187380c69977f7a711_0.jpg
test,pcba,roboflow_pcba,/home/vector/Documents/abdullah_workspace/PCB_Defect_Dectection/pcb_vs_pcba_dataset/test/pcba/roboflow_pcba_pcb131rec1_jpg.rf.6fdc72e4080868861f53c031319701f0_1.jpg
test,pcba,roboflow_pcba,/home/vector/Documents/abdullah_workspace/PCB_Defect_Dectection/pcb_vs_pcba_dataset/test/pcba/roboflow_pcba_pcb45rec1_jpg.rf.b26cc26189f235bb375c30956eedb69c_2.jpg
test,pcba,roboflow_pcba,/home/vector/Documents/abdullah_workspace/PCB_Defect_Dectection/pcb_vs_pcba_dataset/test/pcba/roboflow_pcba_pcb17rec1_jpg.rf.47fc7778551c21ace4befe008e365021_3.jpg
test,pcba,roboflow_pcba,/home/vector/Documents/abdullah_workspace/PCB_Defect_Dectection/pcb_vs_pcba_dataset/test/pcba/roboflow_pcba_ML450_Bottom2_jpg.rf.63a487aa0f61727983749e1aa8043206_4.jpg
test,pcba,roboflow_pcba,/home/vector/Documents/abdullah_workspace/PCB_Defect_Dectection/pcb_vs_pcba_dataset/test/pcba/roboflow_pcba_RPI3B_Top_jpg.rf.e8eb80f20386cfae4bd2ef215c342fe4_5.jpg
test,pcba,roboflow_pcba,/home/vector/Documents/abdullah_workspace/PCB_Defect_Dectection/pcb_vs_pcba_dataset/test/pcba/roboflow_pcba_Spartan6_Bottom_jpg.rf.19a7bb48c03ac406f296d1ac3608b127_6.jpg
test,pcba,roboflow_pcba,/home/vector/Documents/abdullah_workspace/PCB_Defect_Dectection/pcb_vs_pcba_dataset/test/pcba/roboflow_pcba_pcb110rec1_jpg.rf.2e5ddae69fa5b1cbfb13741e6aa2658b_7.jpg
test,pcba,roboflow_pcba,/home/vector/Documents/abdullah_workspace/PCB_Defect_Dectection/pcb_vs_pcba_dataset/test/pcba/roboflow_pcba_ACM-109_Bottom_jpg.rf.ecbbaaba61a4a47c6ccaf265e08d026e_8.jpg
test,pcba,roboflow_pcba,/home/vector/Documents/abdullah_workspace/PCB_Defect_Dectection/pcb_vs_pcba_dataset/test/pcba/roboflow_pcba_pcb151rec1_jpg.rf.9edb4f51e22632d8641f468aec091a62_9.jpg
test,pcba,roboflow_pcba,/home/vector/Documents/abdullah_workspace/PCB_Defect_Dectection/pcb_vs_pcba_dataset/test/pcba/roboflow_pcba_pcb59rec1_jpg.rf.426e3870570f7c94f582966945e25e48_10.jpg
test,pcba,roboflow_pcba,/home/vector/Documents/abdullah_workspace/PCB_Defect_Dectection/pcb_vs_pcba_dataset/test/pcba/roboflow_pcba_pcb3rec1_jpg.rf.4aa161153e774b551eebeced46908200_11.jpg
test,pcba,roboflow_pcba,/home/vector/Documents/abdullah_workspace/PCB_Defect_Dectection/pcb_vs_pcba_dataset/test/pcba/roboflow_pcba_pcb66rec1_jpg.rf.ea99df37ddfa4117db6320d9b1861741_12.jpg
test,pcba,roboflow_pcba,/home/vector/Documents/abdullah_workspace/PCB_Defect_Dectection/pcb_vs_pcba_dataset/test/pcba/roboflow_pcba_pcb162rec1_jpg.rf.26c5c1cfd611787ee756c8f720f0cee6_13.jpg
test,pcba,roboflow_pcba,/home/vector/Documents/abdullah_workspace/PCB_Defect_Dectection/pcb_vs_pcba_dataset/test/pcba/roboflow_pcba_pcb98rec1_jpg.rf.ccede9f4afb142454c0c9acf9d1684ad_14.jpg
test,pcba,roboflow_pcba,/home/vector/Documents/abdullah_workspace/PCB_Defect_Dectection/pcb_vs_pcba_dataset/test/pcba/roboflow_pcba_pcb83rec1_jpg.rf.e2011ee74c819bcc0cc82b62cb0b2ef3_15.jpg
test,pcba,roboflow_pcba,/home/vector/Documents/abdullah_workspace/PCB_Defect_Dectection/pcb_vs_pcba_dataset/test/pcba/roboflow_pcba_pcb52rec1_jpg.rf.1a876107f0106b94bbac44f7f2262434_16.jpg
test,pcba,roboflow_pcba,/home/vector/Documents/abdullah_workspace/PCB_Defect_Dectection/pcb_vs_pcba_dataset/test/pcba/roboflow_pcba_pcb92rec1_jpg.rf.3ae73b65ce2ac7c14920256c373640d4_17.jpg
test,pcba,roboflow_pcba,/home/vector/Documents/abdullah_workspace/PCB_Defect_Dectection/pcb_vs_pcba_dataset/test/pcba/roboflow_pcba_SystemAce_Bottom_jpg.rf.8afca20710df25e7508b4f5c49c3856d_18.jpg
test,pcba,roboflow_pcba,/home/vector/Documents/abdullah_workspace/PCB_Defect_Dectection/pcb_vs_pcba_dataset/test/pcba/roboflow_pcba_ML365_Bottom_jpg.rf.ad597268136cc0256410a0665f166713_19.jpg
test,pcba,roboflow_pcba,/home/vector/Documents/abdullah_workspace/PCB_Defect_Dectection/pcb_vs_pcba_dataset/test/pcba/roboflow_pcba_ArduinoMega_Bottom_jpg.rf.d0481dacdb2c1b2b30e751bb1bc96355_20.jpg
test,pcba,roboflow_pcba,/home/vector/Documents/abdullah_workspace/PCB_Defect_Dectection/pcb_vs_pcba_dataset/test/pcba/roboflow_pcba_pcb149rec1_jpg.rf.c9ea4c59b10a37d90ca51f0e84c2eda7_21.jpg
test,pcba,roboflow_pcba,/home/vector/Documents/abdullah_workspace/PCB_Defect_Dectection/pcb_vs_pcba_dataset/test/pcba/roboflow_pcba_pcb154rec1_jpg.rf.87f5f94d30076b29aa59028ad216cb09_22.jpg
test,pcba,roboflow_pcba,/home/vector/Documents/abdullah_workspace/PCB_Defect_Dectection/pcb_vs_pcba_dataset/test/pcba/roboflow_pcba_pcb126rec1_jpg.rf.339f4e921bb623d35475bd78d5acda71_23.jpg
test,pcba,roboflow_pcba,/home/vector/Documents/abdullah_workspace/PCB_Defect_Dectection/pcb_vs_pcba_dataset/test/pcba/roboflow_pcba_Spartan6_Bottom_jpg.rf.5cb741987b2ceb5a260aa7c26de4d79e_24.jpg
test,pcba,roboflow_pcba,/home/vector/Documents/abdullah_workspace/PCB_Defect_Dectection/pcb_vs_pcba_dataset/test/pcba/roboflow_pcba_pcb_25f_cc_11_png.rf.d5070eca808cdf1284fd6bd801aefd65_25.jpg
test,pcba,roboflow_pcba,/home/vector/Documents/abdullah_workspace/PCB_Defect_Dectection/pcb_vs_pcba_dataset/test/pcba/roboflow_pcba_pcb120rec1_jpg.rf.c06bbe4ca5b47940b271e1437adca404_26.jpg
test,pcba,roboflow_pcba,/home/vector/Documents/abdullah_workspace/PCB_Defect_Dectection/pcb_vs_pcba_dataset/test/pcba/roboflow_pcba_Spartan6Redux_Top_jpg.rf.20be3a419189b0c8d7f47491c65e610b_27.jpg
test,pcba,roboflow_pcba,/home/vector/Documents/abdullah_workspace/PCB_Defect_Dectection/pcb_vs_pcba_dataset/test/pcba/roboflow_pcba_pcb120rec1_jpg.rf.f38a062f6fb5be9aab695b660de22ef2_28.jpg
test,pcba,roboflow_pcba,/home/vector/Documents/abdullah_workspace/PCB_Defect_Dectection/pcb_vs_pcba_dataset/test/pcba/roboflow_pcba_pcb149rec1_jpg.rf.ba833debcb56588f58648176117c3abc_29.jpg
test,pcba,roboflow_pcba,/home/vector/Documents/abdullah_workspace/PCB_Defect_Dectection/pcb_vs_pcba_dataset/test/pcba/roboflow_pcba_pcb145rec1_jpg.rf.6263af5339c6693bc6fccacce731aa8c_30.jpg
test,pcba,roboflow_pcba,/home/vector/Documents/abdullah_workspace/PCB_Defect_Dectection/pcb_vs_pcba_dataset/test/pcba/roboflow_pcba_pcb99rec1_jpg.rf.53ba0b3c8ecf977b90885e6355baf3ec_31.jpg
test,pcba,roboflow_pcba,/home/vector/Documents/abdullah_workspace/PCB_Defect_Dectection/pcb_vs_pcba_dataset/test/pcba/roboflow_pcba_pcb133rec1_jpg.rf.8b1b712666053a02e53733001eec320c_32.jpg
test,pcba,roboflow_pcba,/home/vector/Documents/abdullah_workspace/PCB_Defect_Dectection/pcb_vs_pcba_dataset/test/pcba/roboflow_pcba_pcb7rec1_jpg.rf.aca1300f8c5ff3d8e3e49cf96fe630c7_33.jpg
test,pcba,roboflow_pcba,/home/vector/Documents/abdullah_workspace/PCB_Defect_Dectection/pcb_vs_pcba_dataset/test/pcba/roboflow_pcba_pcb137rec1_jpg.rf.d80a8711cc1ce5bc9e5d58327116ab78_34.jpg
test,pcba,roboflow_pcba,/home/vector/Documents/abdullah_workspace/PCB_Defect_Dectection/pcb_vs_pcba_dataset/test/pcba/roboflow_pcba_pcb128rec1_jpg.rf.dfe631dd60b27f6e99695afa01e3bb56_35.jpg
test,pcba,roboflow_pcba,/home/vector/Documents/abdullah_workspace/PCB_Defect_Dectection/pcb_vs_pcba_dataset/test/pcba/roboflow_pcba_pcb17rec1_jpg.rf.d688a18ef997ad0eb9a8b7029fed7235_36.jpg
test,pcba,roboflow_pcba,/home/vector/Documents/abdullah_workspace/PCB_Defect_Dectection/pcb_vs_pcba_dataset/test/pcba/roboflow_pcba_pcb19rec1_jpg.rf.face57ecdc7287e4380724668ccc81c2_37.jpg
test,pcba,roboflow_pcba,/home/vector/Documents/abdullah_workspace/PCB_Defect_Dectection/pcb_vs_pcba_dataset/test/pcba/roboflow_pcba_pcb123rec1_jpg.rf.465311a25f368a89cb35186225c1d876_38.jpg
test,pcba,roboflow_pcba,/home/vector/Documents/abdullah_workspace/PCB_Defect_Dectection/pcb_vs_pcba_dataset/test/pcba/roboflow_pcba_pcb109rec1_jpg.rf.0c29e354a89c81b8893fe73fc0bcc141_39.jpg
test,pcba,roboflow_pcba,/home/vector/Documents/abdullah_workspace/PCB_Defect_Dectection/pcb_vs_pcba_dataset/test/pcba/roboflow_pcba_pcb147rec1_jpg.rf.6259d9f48374b8cfe04951535fe084f9_40.jpg
test,pcba,roboflow_pcba,/home/vector/Documents/abdullah_workspace/PCB_Defect_Dectection/pcb_vs_pcba_dataset/test/pcba/roboflow_pcba_pcb_14b_cc_11_png.rf.424b422a6ff38752bb02b520baae8011_41.jpg
test,pcba,roboflow_pcba,/home/vector/Documents/abdullah_workspace/PCB_Defect_Dectection/pcb_vs_pcba_dataset/test/pcba/roboflow_pcba_Spartan3_jpg.rf.6e94c8d1fccce71602d3d9c31dce8474_42.jpg
test,pcba,roboflow_pcba,/home/vector/Documents/abdullah_workspace/PCB_Defect_Dectection/pcb_vs_pcba_dataset/test/pcba/roboflow_pcba_pcb69rec1_jpg.rf.5383d4d6300f1200ba71b4ff53946c90_43.jpg
test,pcba,roboflow_pcba,/home/vector/Documents/abdullah_workspace/PCB_Defect_Dectection/pcb_vs_pcba_dataset/test/pcba/roboflow_pcba_pcb71rec1_jpg.rf.1be2dbb25d576086e2a1f5723f9b39ae_44.jpg
test,pcba,roboflow_pcba,/home/vector/Documents/abdullah_workspace/PCB_Defect_Dectection/pcb_vs_pcba_dataset/test/pcba/roboflow_pcba_ML450_Top2_jpg.rf.cffa652d9c6c79398136827117114449_45.jpg
